CellphoneService,CustomerID
Telcel,877687
Telcel,877723
Telcel,877757
Telcel,877792
Telcel,877840
Telcel,877988
Telcel,878821
Movistar,878822
Telcel,878842
Telcel,878855
Telcel,878871
Movistar,878907
Telcel,878908
Telcel,878912
Telcel,878919
Telcel,878974
Telcel,878977
Movistar,878993
Movistar,879011
Telcel,879017
Telcel,879020
Telcel,879033
Telcel,879055
Movistar,879061
Movistar,879072
Movistar,879232
Telcel,879264
Movistar,879306
Telcel,879310
Telcel,879403
Telcel,879453
Telcel,879454
Telcel,879478
Telcel,879500
Telcel,879535
Telcel,879889
Telcel,879926
Telcel,881801
Telcel,882315
Movistar,882316
Telcel,882319
Telcel,882320
Movistar,882321
Telcel,882324
Telcel,882325
Telcel,882326
Telcel,882328
Telcel,882330
Telcel,882332
Telcel,882333
Movistar,882336
Other,882337
Movistar,882340
Telcel,882341
Telcel,882342
Movistar,882343
Telcel,882346
Telcel,882348
Telcel,882350
Telcel,882351
Telcel,882354
Telcel,882356
Telcel,882357
Movistar,882358
Telcel,882359
Telcel,882360
Telcel,882364
Movistar,882366
Telcel,882367
Telcel,882368
Telcel,882371
Telcel,882372
Movistar,882375
Movistar,882376
Movistar,882377
Telcel,882382
Telcel,882383
Telcel,882387
Movistar,882388
Movistar,882391
Movistar,882392
Movistar,882393
Movistar,882395
Telcel,882397
Telcel,882398
Telcel,882402
Movistar,882403
Telcel,882407
Telcel,882409
Telcel,882410
Telcel,882413
Movistar,882414
Telcel,882415
Telcel,882419
Telcel,882423
Telcel,882424
Movistar,882425
Telcel,882426
Movistar,882428
Telcel,882429
Telcel,882433
Telcel,882434
Telcel,882435
Movistar,882437
Movistar,882439
Telcel,882440
Telcel,882442
Telcel,882444
Telcel,882446
Telcel,882449
Movistar,882451
Telcel,882452
Telcel,882457
Telcel,882459
Movistar,882462
Movistar,882463
Movistar,882464
Movistar,882465
Telcel,882467
Telcel,882469
Telcel,882471
Movistar,882475
Telcel,882476
Telcel,882478
Telcel,882479
Telcel,882481
Telcel,882482
Telcel,882483
Telcel,882484
Movistar,882491
Movistar,882494
Movistar,882497
Telcel,882500
Movistar,882501
Telcel,882503
Telcel,882504
Movistar,882506
Telcel,882507
Telcel,882508
Telcel,882512
Telcel,882515
Movistar,882517
Telcel,882518
Telcel,882521
Telcel,882522
Telcel,882523
Movistar,882527
Telcel,882531
Telcel,882532
Telcel,882535
Movistar,882537
Telcel,882543
Telcel,882545
Telcel,882550
Movistar,882551
Telcel,882553
Telcel,882559
Movistar,882560
Movistar,882563
Telcel,882564
Telcel,882565
Telcel,882569
Movistar,882573
Movistar,882574
Movistar,882576
Telcel,882577
AT&T,882578
Telcel,882581
Telcel,882583
Telcel,882585
AT&T,882587
Movistar,882590
Movistar,882591
Telcel,882593
Movistar,882594
Movistar,882597
Telcel,882599
Movistar,882600
Telcel,882602
Movistar,882607
Telcel,882608
Telcel,882609
Movistar,882612
Telcel,882616
Telcel,882621
Telcel,882622
Telcel,882623
Telcel,882626
Telcel,882627
Telcel,882628
Telcel,882631
Telcel,882632
Telcel,882636
Telcel,882638
Telcel,882639
Movistar,882640
Movistar,882645
Movistar,882648
Telcel,882650
Telcel,882652
Telcel,882656
Telcel,882658
Movistar,882660
Movistar,882666
Movistar,882667
Telcel,882674
Telcel,882677
Telcel,882678
Telcel,882683
Telcel,882684
Telcel,882685
Telcel,882693
Movistar,882694
Telcel,882699
Telcel,882700
Movistar,882701
Telcel,882705
Movistar,882709
Movistar,882713
Movistar,882715
Telcel,882720
Telcel,882721
Telcel,882728
Telcel,882729
Movistar,882731
Movistar,882735
Telcel,882737
Telcel,882738
Telcel,882739
Movistar,882741
Telcel,882745
Telcel,882747
Movistar,882750
Telcel,882752
Telcel,882756
Telcel,882757
Telcel,882760
Telcel,882763
Movistar,882766
Telcel,882768
Movistar,882769
Telcel,882772
Telcel,882775
Telcel,882778
Movistar,882783
Telcel,882784
Movistar,882787
Telcel,882793
Telcel,882796
Telcel,882799
Telcel,882801
Movistar,882804
Telcel,882807
Telcel,882808
Telcel,882812
Movistar,882816
Movistar,882817
Telcel,882821
Other,882824
Movistar,882827
Movistar,882828
Telcel,882830
Telcel,882837
Movistar,882844
Movistar,882853
Movistar,882856
Telcel,882859
Telcel,882868
AT&T,882869
Telcel,882886
Telcel,882891
Movistar,882896
Movistar,882902
Telcel,882910
Movistar,882911
Telcel,882919
Telcel,882923
Telcel,882927
Movistar,882932
Telcel,882934
Movistar,882936
Movistar,882938
Movistar,882941
Movistar,882942
Movistar,882945
Movistar,882951
Movistar,882955
Telcel,882957
Movistar,882959
Movistar,882961
Movistar,882962
Movistar,882963
Movistar,882964
Telcel,882969
Movistar,882971
Telcel,882973
Telcel,882975
Telcel,882977
Movistar,882984
Telcel,882987
Telcel,882989
Movistar,882991
Movistar,882994
Telcel,882999
Telcel,883011
Telcel,883016
Telcel,883018
Telcel,883021
Telcel,883028
Telcel,883035
Movistar,883043
Telcel,883047
Telcel,883062
Movistar,883064
Telcel,883072
Telcel,883077
Telcel,883079
Telcel,883085
Telcel,883102
Movistar,883115
Telcel,883122
Telcel,883127
Telcel,883161
Telcel,883169
Movistar,883175
Telcel,883247
Telcel,883334
Telcel,883364
Movistar,883388
Telcel,883405
Telcel,883418
Movistar,883424
Telcel,883432
Telcel,883438
Movistar,883441
Movistar,883444
Movistar,883446
Telcel,883449
Telcel,883450
Movistar,883455
Telcel,883457
Telcel,883459
Telcel,883463
Telcel,883467
Telcel,883476
Telcel,883483
Telcel,883486
Movistar,883494
Telcel,883498
Telcel,883507
Telcel,883513
Telcel,883522
Telcel,883526
Telcel,883527
Telcel,883546
Movistar,883554
Movistar,883556
Telcel,883565
Other,883571
Other,883573
Telcel,883597
Movistar,883598
Telcel,883613
Telcel,883619
Telcel,883624
Movistar,883631
Movistar,883632
Telcel,883665
Telcel,883670
Movistar,883696
Telcel,883716
Telcel,883724
Movistar,883730
Telcel,883736
AT&T,883739
Telcel,883753
Telcel,883768
Telcel,883773
Movistar,883790
Telcel,883808
Telcel,883878
Telcel,883931
Telcel,883950
Telcel,883956
Telcel,883979
Movistar,884001
Telcel,884080
Telcel,884112
Telcel,884199
Telcel,884217
Movistar,884225
Telcel,884248
Movistar,884270
Movistar,884303
Telcel,884339
Movistar,884357
Telcel,884384
Telcel,884423
Telcel,884596
Telcel,884624
Telcel,884673
Telcel,884717
Telcel,884766
Movistar,884789
Telcel,884804
Telcel,884848
Movistar,884851
Telcel,884856
Telcel,884859
Movistar,884860
Movistar,884862
Movistar,884867
Telcel,884870
Movistar,884872
Movistar,884873
Telcel,884878
Telcel,884879
Telcel,884881
Movistar,884887
Telcel,884892
Telcel,884895
Telcel,884897
Movistar,884899
Telcel,884908
Telcel,884909
Telcel,884912
Telcel,884913
Telcel,884914
Telcel,884916
Telcel,884919
Telcel,884920
Movistar,884921
Movistar,884924
Telcel,884926
Movistar,884931
Telcel,884932
Telcel,884939
Telcel,884945
Telcel,884947
Telcel,884948
Movistar,884949
Movistar,884951
Movistar,884954
Movistar,884955
Telcel,884960
Telcel,884961
Movistar,884964
Telcel,884965
Movistar,884970
Telcel,884971
Movistar,884976
Telcel,884979
Telcel,884980
Telcel,884987
Telcel,884988
Other,884989
Movistar,884995
Telcel,884997
Movistar,884999
Movistar,885001
Telcel,885004
Telcel,885008
Telcel,885017
Telcel,885024
Telcel,885032
Telcel,885039
Telcel,885041
Telcel,885044
Telcel,885047
Telcel,885052
Telcel,885056
Telcel,885063
Movistar,885072
Movistar,885075
Telcel,885076
Telcel,885079
Movistar,885084
Telcel,885085
Telcel,885086
Telcel,885097
Other,885103
Telcel,885104
Telcel,885107
Telcel,885126
Telcel,885129
Telcel,885149
Telcel,885152
Telcel,885159
Telcel,885163
Telcel,885168
Movistar,885199
Movistar,885210
Movistar,885220
Telcel,885227
Movistar,885229
Telcel,885237
Telcel,885260
Movistar,885269
Movistar,885279
Movistar,885282
Telcel,885292
Telcel,885297
Movistar,885301
Telcel,885314
Telcel,885316
Telcel,885321
Telcel,885341
Telcel,885344
Telcel,885350
Telcel,885360
Movistar,885362
Movistar,885365
Movistar,885373
Telcel,885379
Telcel,885383
Telcel,885396
Telcel,885416
Telcel,885449
Telcel,885491
Telcel,885544
Movistar,885565
Movistar,885582
Telcel,885638
Telcel,885715
Telcel,885811
Telcel,885839
Telcel,885914
Telcel,886081
Telcel,886169
Movistar,886213
Telcel,886308
Telcel,886445
Telcel,886455
Telcel,886888
Telcel,886898
Telcel,886938
Telcel,886984
Telcel,886993
Telcel,887015
Telcel,887022
Movistar,887026
Telcel,887086
Telcel,887298
Telcel,887309
Telcel,887325
Telcel,887335
Telcel,887347
Movistar,887376
Telcel,887420
Movistar,887509
Telcel,887609
Telcel,887618
Telcel,887658
Telcel,887666
Movistar,887871
Movistar,887894
Telcel,887898
Movistar,887903
Movistar,887905
Movistar,887908
Movistar,887913
Telcel,887917
Movistar,887920
Telcel,887924
Telcel,887925
Movistar,887929
Telcel,887933
Movistar,887934
Movistar,887936
Telcel,887939
Movistar,887941
Telcel,887945
Telcel,887946
Movistar,887947
Movistar,887949
Telcel,887952
Telcel,887954
Telcel,887955
Movistar,887957
Movistar,887962
Movistar,887963
Telcel,887966
Movistar,887968
Movistar,887969
Telcel,887973
Telcel,887979
Telcel,887982
Telcel,887987
Other,887989
Telcel,887990
Telcel,887991
Telcel,887992
Movistar,887995
Telcel,887999
Telcel,888005
Telcel,888006
Telcel,888007
Telcel,888008
Movistar,888014
Movistar,888017
Telcel,888018
Movistar,888019
Telcel,888020
Movistar,888021
Telcel,888025
Movistar,888027
Telcel,888028
Telcel,888029
Telcel,888031
Telcel,888032
Telcel,888033
Movistar,888038
Telcel,888041
Telcel,888045
Movistar,888049
Telcel,888050
Movistar,888054
Telcel,888055
Telcel,888057
Movistar,888059
Telcel,888060
Telcel,888061
Movistar,888064
Movistar,888067
Telcel,888069
Telcel,888071
Movistar,888077
Movistar,888078
Movistar,888079
Telcel,888080
Movistar,888083
Other,888084
Telcel,888085
Movistar,888086
Telcel,888090
Movistar,888091
Movistar,888094
Movistar,888095
Telcel,888101
Telcel,888104
Telcel,888106
Movistar,888108
Movistar,888110
Movistar,888112
Telcel,888114
Telcel,888115
Telcel,888119
Telcel,888121
Movistar,888123
Movistar,888125
Movistar,888126
Movistar,888127
Movistar,888130
Movistar,888131
Telcel,888133
Movistar,888137
Movistar,888138
Telcel,888139
Telcel,888140
Telcel,888142
Movistar,888144
Telcel,888146
Movistar,888148
Telcel,888149
Telcel,888153
Movistar,888154
Telcel,888155
Movistar,888156
Telcel,888157
Movistar,888158
Movistar,888161
Telcel,888165
Telcel,888170
Movistar,888172
Movistar,888175
Telcel,888177
Telcel,888178
Movistar,888179
Movistar,888199
Movistar,888211
Movistar,888213
Telcel,888218
Movistar,888227
Movistar,888228
Telcel,888265
Telcel,888268
Movistar,888278
Telcel,888287
Movistar,888297
Telcel,888302
Movistar,888325
Movistar,888341
Telcel,888342
Other,888344
Telcel,888355
Telcel,888358
Telcel,888368
Telcel,888371
Telcel,888378
Telcel,888386
Telcel,888388
Telcel,888389
Telcel,888399
Telcel,888418
Telcel,888420
Telcel,888425
Telcel,888431
Telcel,888437
Telcel,888449
Telcel,888451
Movistar,888455
Movistar,888457
Movistar,888466
Movistar,888472
Telcel,888474
Telcel,888493
Telcel,888501
Telcel,888504
Telcel,888510
Telcel,888513
Telcel,888522
Telcel,888529
Telcel,888533
Other,888535
Telcel,888544
Movistar,888549
Telcel,888551
Movistar,888556
Movistar,888560
Movistar,888563
Telcel,888565
Other,888567
Movistar,888568
Movistar,888582
Telcel,888589
Telcel,888591
Telcel,888592
Movistar,888593
Telcel,888594
Telcel,888600
Telcel,888601
Telcel,888606
Movistar,888608
Telcel,888613
Movistar,888618
Movistar,888619
Movistar,888621
Movistar,888622
Movistar,888630
Movistar,888634
Movistar,888637
Telcel,888650
Movistar,888651
Movistar,888652
Movistar,888655
Telcel,888660
Movistar,888663
Movistar,888665
Movistar,888667
Telcel,888671
AT&T,888673
Telcel,888679
Movistar,888681
Movistar,888684
Movistar,888686
Telcel,888695
Movistar,888696
Telcel,888698
Movistar,888699
Movistar,888703
Movistar,888704
Movistar,888705
Telcel,888708
AT&T,888710
Movistar,888712
Telcel,888713
Movistar,888722
Telcel,888723
Movistar,888727
Telcel,888730
Movistar,888731
Movistar,888732
Movistar,888733
Telcel,888734
Telcel,888736
Telcel,888738
Telcel,888739
Movistar,888743
Telcel,888749
Movistar,888752
Movistar,888753
Movistar,888760
Movistar,888762
AT&T,888764
Telcel,888767
Telcel,888769
Telcel,888773
Movistar,888777
Telcel,888778
Telcel,888787
Telcel,888788
Movistar,888790
Movistar,888794
Telcel,888796
Movistar,888799
Telcel,888807
Movistar,888808
Telcel,888810
Other,888811
Movistar,888813
Movistar,888814
Other,888815
Telcel,888821
Telcel,888823
Movistar,888827
Telcel,888829
AT&T,888831
Movistar,888836
Movistar,888838
Telcel,888842
Telcel,888844
Telcel,888846
Movistar,888847
Movistar,888848
Movistar,888856
Movistar,888857
Telcel,888863
Telcel,888864
Telcel,888865
Movistar,888868
Telcel,888871
Telcel,888872
Movistar,888875
Telcel,888883
Telcel,888884
Movistar,888890
Movistar,888891
Telcel,888895
Other,888899
Telcel,888902
Telcel,888909
Telcel,888910
Telcel,888917
Movistar,888920
Telcel,888922
Telcel,888924
Movistar,888927
Telcel,888928
Telcel,888931
Telcel,888938
Telcel,888940
Movistar,888942
Telcel,888944
Telcel,888945
Telcel,888946
Telcel,888947
Telcel,888951
Telcel,888956
Telcel,888960
Movistar,888961
Telcel,888967
Telcel,888973
Movistar,888976
Telcel,888978
Telcel,888979
Telcel,888980
Movistar,888981
Telcel,888982
Telcel,888987
Telcel,888988
Telcel,888991
Telcel,888997
Movistar,888998
Telcel,889002
Telcel,889005
Movistar,889006
Telcel,889007
Telcel,889008
Movistar,889010
Telcel,889014
Telcel,889022
Other,889024
Telcel,889025
Telcel,889026
Telcel,889028
Movistar,889031
Movistar,889034
Movistar,889037
Telcel,889038
Movistar,889040
Telcel,889047
Movistar,889048
Telcel,889050
Telcel,889051
Telcel,889052
Telcel,889062
Movistar,889064
Telcel,889066
Telcel,889072
Movistar,889073
Telcel,889074
Telcel,889075
Telcel,889077
Movistar,889078
Telcel,889088
Telcel,889090
Telcel,889094
Telcel,889095
Telcel,889098
Movistar,889100
Movistar,889109
Movistar,889110
Telcel,889113
Movistar,889119
Telcel,889122
Telcel,889123
Movistar,889126
Movistar,889130
Movistar,889132
Telcel,889134
Telcel,889135
Movistar,889139
Other,889144
Other,889146
Telcel,889147
Telcel,889150
Movistar,889152
Telcel,889154
Telcel,889155
Telcel,889159
Telcel,889161
Telcel,889162
Telcel,889164
Telcel,889165
Telcel,889167
Movistar,889170
AT&T,889173
Telcel,889174
Movistar,889175
Movistar,889178
Telcel,889179
Telcel,889182
Telcel,889186
Telcel,889188
Telcel,889191
Telcel,889195
Movistar,889197
Telcel,889202
Movistar,889205
Telcel,889207
Telcel,889210
Telcel,889212
Telcel,889215
Telcel,889218
Movistar,889219
Telcel,889220
AT&T,889221
Movistar,889223
Movistar,889227
Movistar,889228
Movistar,889231
Movistar,889233
Telcel,889236
Movistar,889237
Telcel,889238
Movistar,889241
Telcel,889243
Movistar,889245
Movistar,889250
Telcel,889251
Telcel,889254
Movistar,889256
Telcel,889257
Telcel,889260
Telcel,889261
Telcel,889262
Movistar,889264
Telcel,889267
Telcel,889268
Movistar,889270
Movistar,889275
Movistar,889276
Movistar,889277
Movistar,889280
Telcel,889281
Movistar,889282
Movistar,889283
Movistar,889284
Movistar,889285
Movistar,889287
Telcel,889291
Telcel,889292
Movistar,889297
Telcel,889299
Movistar,889304
Telcel,889306
Movistar,889307
Telcel,889309
Movistar,889310
Movistar,889312
Telcel,889317
Movistar,889318
Telcel,889319
Telcel,889328
Movistar,889332
Movistar,889334
Movistar,889337
Telcel,889339
Movistar,889340
Telcel,889345
Telcel,889346
Telcel,889347
Telcel,889349
Telcel,889350
Movistar,889358
Movistar,889361
Movistar,889374
Telcel,889376
Movistar,889378
Movistar,889379
Movistar,889380
Movistar,889381
Telcel,889385
Movistar,889386
Movistar,889387
Telcel,889390
Movistar,889393
Movistar,889394
Movistar,889396
Movistar,889399
Movistar,889400
Telcel,889404
Telcel,889405
Movistar,889407
Movistar,889409
Telcel,889411
Movistar,889413
Movistar,889414
Telcel,889417
Movistar,889423
Telcel,889424
Telcel,889426
Movistar,889429
Movistar,889430
Movistar,889431
Telcel,889435
Movistar,889440
Movistar,889441
Telcel,889443
Movistar,889452
Other,889456
Telcel,889463
Telcel,889465
Telcel,889468
Telcel,889471
Telcel,889477
Telcel,889478
Movistar,889480
Movistar,889481
Movistar,889483
Movistar,889484
Telcel,889487
Telcel,889494
Movistar,889496
Telcel,889499
Movistar,889503
Telcel,889504
Telcel,889508
Telcel,889509
Telcel,889511
Telcel,889512
Telcel,889513
Movistar,889517
AT&T,889519
Telcel,889525
Movistar,889533
Movistar,889534
AT&T,889538
Movistar,889544
Movistar,889555
Movistar,889556
Telcel,889557
Telcel,889563
Movistar,889566
Movistar,889569
Telcel,889570
Telcel,889575
Telcel,889576
Telcel,889578
Telcel,889579
Telcel,889584
Telcel,889585
Movistar,889586
Movistar,889588
Telcel,889589
Telcel,889592
Movistar,889595
Movistar,889597
Telcel,889598
Movistar,889600
Movistar,889601
Telcel,889603
Telcel,889611
Movistar,889613
Telcel,889614
Telcel,889620
Movistar,889622
Telcel,889628
Movistar,889629
Movistar,889630
Movistar,889633
Other,889637
Telcel,889641
Movistar,889642
Telcel,889643
Telcel,889645
Movistar,889657
Telcel,889661
Telcel,889663
Telcel,889664
Movistar,889666
Telcel,889667
Telcel,889670
Telcel,889671
Telcel,889674
Movistar,889675
Movistar,889679
Movistar,889680
Movistar,889681
Telcel,889686
Telcel,889687
Movistar,889690
Telcel,889691
Telcel,889693
Movistar,889701
Telcel,889702
Telcel,889704
Movistar,889705
Movistar,889709
Telcel,889711
Telcel,889713
Telcel,889715
Telcel,889717
Telcel,889718
Telcel,889719
Other,889720
Movistar,889721
Telcel,889724
Telcel,889730
Movistar,889731
Movistar,889732
Telcel,889736
Telcel,889738
Movistar,889739
Movistar,889740
Movistar,889742
Telcel,889743
Movistar,889745
Movistar,889749
Telcel,889752
Movistar,889753
Telcel,889755
Telcel,889757
Telcel,889759
Movistar,889761
Telcel,889762
Telcel,889768
Movistar,889769
Telcel,889770
Movistar,889773
Movistar,889774
Telcel,889775
Other,889776
Movistar,889777
Movistar,889779
Telcel,889783
Telcel,889784
Telcel,889785
Movistar,889788
Telcel,889790
Telcel,889791
Movistar,889792
Telcel,889793
Telcel,889794
Movistar,889795
Telcel,889797
Movistar,889801
Telcel,889806
Telcel,889809
Telcel,889812
Telcel,889813
Telcel,889815
Telcel,889816
Movistar,889817
Movistar,889818
Telcel,889821
Movistar,889822
Telcel,889823
Movistar,889826
Movistar,889827
Telcel,889831
Movistar,889832
Telcel,889834
Movistar,889838
Telcel,889839
Movistar,889842
Movistar,889843
Telcel,889844
Movistar,889847
Movistar,889848
Telcel,889851
Movistar,889853
Telcel,889858
Movistar,889859
Movistar,889861
Movistar,889862
Telcel,889864
Movistar,889866
Movistar,889868
Telcel,889869
Telcel,889871
Telcel,889872
Movistar,889877
Telcel,889878
AT&T,889880
Movistar,889882
Telcel,889883
Telcel,889885
Telcel,889886
Telcel,889887
Telcel,889892
Telcel,889893
Movistar,889894
Telcel,889895
Telcel,889896
Movistar,889897
Telcel,889900
Movistar,889901
Movistar,889903
Movistar,889905
Movistar,889906
Telcel,889911
Telcel,889912
Telcel,889915
Telcel,889918
Telcel,889920
Movistar,889921
Telcel,889926
Telcel,889931
Telcel,889932
Movistar,889937
Telcel,889938
Movistar,889942
Movistar,889944
Telcel,889947
Telcel,889950
Movistar,889952
Telcel,889956
Telcel,889958
Movistar,889960
AT&T,889965
Movistar,889969
Movistar,889973
Movistar,889975
Telcel,889977
Movistar,889978
Movistar,889981
Other,889982
Telcel,889984
Movistar,889986
Telcel,889987
Movistar,889989
Movistar,889991
Telcel,889995
Telcel,889996
Telcel,889997
Telcel,890000
Movistar,890006
Telcel,890012
Movistar,890013
Movistar,890014
Movistar,890019
Telcel,890022
Movistar,890023
Movistar,890027
Telcel,890028
Movistar,890030
Telcel,890031
Telcel,890034
Movistar,890036
Movistar,890040
Telcel,890047
Movistar,890051
Telcel,890052
Telcel,890055
Telcel,890056
Telcel,890057
AT&T,890059
Telcel,890061
Movistar,890062
Movistar,890065
Movistar,890067
Telcel,890070
Movistar,890073
Telcel,890074
Movistar,890076
Movistar,890079
Movistar,890080
Movistar,890083
Movistar,890085
Telcel,890086
Movistar,890089
Movistar,890091
Telcel,890092
Telcel,890093
Movistar,890094
Telcel,890096
Movistar,890098
Telcel,890099
Movistar,890100
Telcel,890102
Movistar,890104
Movistar,890105
Telcel,890107
Telcel,890111
Movistar,890114
Telcel,890115
Telcel,890119
Telcel,890122
Telcel,890124
Movistar,890125
Movistar,890127
Movistar,890131
Telcel,890133
Movistar,890134
Telcel,890136
Movistar,890138
Movistar,890141
Movistar,890142
Movistar,890146
Movistar,890147
Telcel,890148
Movistar,890150
Telcel,890153
Movistar,890155
Movistar,890156
Telcel,890160
Movistar,890161
Telcel,890163
Telcel,890178
Telcel,890180
Telcel,890200
Movistar,890213
Telcel,890215
Movistar,890220
Telcel,890240
Telcel,890242
Telcel,890248
Telcel,890251
Movistar,890254
Telcel,890257
Telcel,890260
Movistar,890264
Telcel,890265
Telcel,890267
Telcel,890273
Movistar,890275
Telcel,890276
Telcel,890279
Telcel,890288
Telcel,890292
Telcel,890293
Movistar,890299
Telcel,890300
Telcel,890302
Movistar,890304
Telcel,890306
Telcel,890317
Movistar,890319
Telcel,890323
Telcel,890324
Telcel,890326
Movistar,890329
Movistar,890333
Telcel,890334
Telcel,890335
Movistar,890338
Movistar,890342
Movistar,890353
Telcel,890362
Movistar,890371
Telcel,890378
Telcel,890389
Movistar,890393
Telcel,890398
Telcel,890406
Movistar,890416
Movistar,890420
Telcel,890428
Telcel,890440
Telcel,890443
Telcel,890445
Movistar,890455
Telcel,890459
Movistar,890461
Telcel,890470
Movistar,890475
Telcel,890477
Movistar,890478
Movistar,890482
Movistar,890490
Telcel,890494
Telcel,890497
Telcel,890514
Movistar,890516
Telcel,890520
Telcel,890529
Movistar,890533
Telcel,890541
Movistar,890551
Telcel,890565
Movistar,890570
Telcel,890571
Telcel,890594
Telcel,890597
Telcel,890603
Telcel,890606
Telcel,890621
Telcel,890657
Telcel,890663
Telcel,890671
Movistar,890684
Telcel,890687
Telcel,890698
Movistar,890706
Movistar,890707
Telcel,890708
Movistar,890717
Telcel,890719
AT&T,890727
Telcel,890736
Telcel,890737
Telcel,890741
Telcel,890743
Movistar,890745
Telcel,890758
Movistar,890769
Telcel,890777
Telcel,890783
Telcel,890801
Telcel,890834
Telcel,890841
Telcel,890846
Telcel,890870
Movistar,890871
AT&T,890881
Telcel,890883
Telcel,890891
Telcel,890892
Telcel,890896
Telcel,890903
Telcel,890911
Telcel,890912
Telcel,890918
Telcel,890920
Telcel,890923
Telcel,890930
Movistar,890940
Telcel,890942
Movistar,890951
Movistar,890975
Other,890984
Telcel,890989
Telcel,890999
Telcel,891017
Movistar,891018
Movistar,891022
Telcel,891024
Movistar,891032
Telcel,891040
Telcel,891055
Telcel,891058
Telcel,891063
Telcel,891074
Telcel,891088
Movistar,891103
Telcel,891117
Telcel,891126
Movistar,891134
Telcel,891138
Telcel,891175
Telcel,891185
Movistar,891225
Telcel,891235
Movistar,891237
Telcel,891256
Telcel,891260
Movistar,891279
Telcel,891283
Telcel,891294
Telcel,891296
Movistar,891304
Telcel,891314
AT&T,891321
Telcel,891326
Telcel,891333
Telcel,891335
AT&T,891358
Telcel,891361
Telcel,891369
Telcel,891372
Movistar,891374
Telcel,891376
Movistar,891378
Telcel,891384
Movistar,891385
Telcel,891394
Movistar,891396
Movistar,891397
Telcel,891402
Telcel,891409
Telcel,891410
Telcel,891411
Movistar,891422
Telcel,891425
Movistar,891426
Movistar,891430
Telcel,891431
Telcel,891433
Movistar,891434
Telcel,891435
Telcel,891441
Movistar,891450
Telcel,891451
Telcel,891454
Telcel,891456
Movistar,891457
Movistar,891467
Movistar,891469
Telcel,891471
Telcel,891475
Telcel,891480
Movistar,891481
Telcel,891483
Telcel,891484
Telcel,891487
Telcel,891492
Movistar,891496
Telcel,891500
Telcel,891501
Movistar,891511
Telcel,891512
Movistar,891513
Telcel,891514
Telcel,891520
AT&T,891522
Telcel,891523
Movistar,891524
Telcel,891526
Telcel,891532
Telcel,891537
Telcel,891539
Movistar,891540
Telcel,891545
Movistar,891549
Movistar,891550
Other,891551
Telcel,891553
Telcel,891559
Movistar,891564
Telcel,891565
Movistar,891573
Movistar,891576
Movistar,891580
Movistar,891586
Telcel,891588
Movistar,891589
Other,891594
Telcel,891599
Telcel,891600
Telcel,891604
Telcel,891611
Movistar,891612
Movistar,891615
Movistar,891616
Other,891619
Telcel,891620
Movistar,891633
Telcel,891634
Telcel,891637
Telcel,891640
Telcel,891644
Movistar,891645
Movistar,891652
Movistar,891654
Telcel,891655
Telcel,891660
Telcel,891661
Movistar,891665
Movistar,891669
Telcel,891670
Telcel,891671
Telcel,891673
Telcel,891675
Telcel,891679
Movistar,891684
Telcel,891685
Movistar,891693
Movistar,891696
Telcel,891697
Telcel,891703
Telcel,891709
Movistar,891710
Telcel,891713
Telcel,891714
Telcel,891718
Movistar,891719
Telcel,891721
Telcel,891724
Movistar,891731
Telcel,891733
Movistar,891734
Telcel,891735
Movistar,891737
Telcel,891742
Movistar,891745
Movistar,891751
Telcel,891754
Telcel,891756
Telcel,891759
Telcel,891762
Telcel,891767
Movistar,891769
Telcel,891773
Telcel,891774
Telcel,891780
Movistar,891784
Telcel,891788
Telcel,891792
Movistar,891793
Telcel,891796
Movistar,891800
Movistar,891803
Movistar,891806
Telcel,891809
Movistar,891812
Movistar,891814
Movistar,891815
Telcel,891817
Movistar,891818
Movistar,891821
Telcel,891824
Telcel,891825
Telcel,891828
Movistar,891829
Telcel,891836
Movistar,891841
Telcel,891848
Movistar,891854
Telcel,891855
Telcel,891857
Telcel,891861
Telcel,891866
Telcel,891871
Telcel,891873
Movistar,891877
Movistar,891878
Movistar,891883
Telcel,891886
Movistar,891887
Telcel,891890
Telcel,891891
Telcel,891893
Movistar,891902
Telcel,891903
Movistar,891907
Movistar,891909
Movistar,891910
Telcel,891917
Movistar,891919
Telcel,891920
Movistar,891923
Movistar,891924
Telcel,891925
Telcel,891927
Telcel,891929
Telcel,891931
Telcel,891933
Telcel,891935
Other,891937
Telcel,891939
Telcel,891946
Movistar,891950
Movistar,891957
Movistar,891961
Telcel,891962
Movistar,891963
Movistar,891966
Movistar,891969
Movistar,891971
Telcel,891973
Movistar,891974
Telcel,891978
Telcel,891979
Telcel,891983
Telcel,891984
Telcel,891985
Movistar,891991
Movistar,891992
Movistar,892002
Telcel,892005
Telcel,892007
Movistar,892008
Telcel,892010
Telcel,892013
Telcel,892016
Telcel,892021
Telcel,892028
Telcel,892041
Telcel,892045
Movistar,892052
Telcel,892054
Telcel,892060
Telcel,892061
Telcel,892062
Telcel,892067
Telcel,892070
Movistar,892073
Telcel,892075
Telcel,892078
Movistar,892079
Movistar,892081
Telcel,892084
Movistar,892086
Telcel,892088
Movistar,892089
Movistar,892092
Telcel,892097
Telcel,892100
Movistar,892109
Telcel,892110
Telcel,892123
Movistar,892126
Telcel,892129
Movistar,892134
Telcel,892137
Telcel,892138
Movistar,892150
Telcel,892153
Telcel,892155
Telcel,892158
Movistar,892159
Movistar,892161
Movistar,892166
Telcel,892169
Telcel,892182
Movistar,892198
Telcel,892203
Telcel,892204
Movistar,892209
Other,892218
Movistar,892221
Telcel,892222
Other,892224
Telcel,892227
Telcel,892249
Telcel,892251
Telcel,892254
AT&T,892256
Telcel,892257
Movistar,892270
Movistar,892274
Telcel,892276
Telcel,892280
Telcel,892281
Movistar,892284
Movistar,892294
Movistar,892298
Telcel,892303
Telcel,892306
Movistar,892311
Movistar,892312
Movistar,892314
Telcel,892316
Telcel,892318
Telcel,892321
Telcel,892325
Movistar,892328
Movistar,892330
Telcel,892342
Telcel,892349
Telcel,892352
Telcel,892367
Movistar,892369
Telcel,892374
Movistar,892380
Movistar,892381
Other,892383
Telcel,892386
Telcel,892389
Telcel,892392
Movistar,892401
Telcel,892402
Movistar,892405
Movistar,892421
Movistar,892445
Movistar,892448
Telcel,892450
Telcel,892452
Movistar,892453
Movistar,892461
Telcel,892465
Movistar,892466
Telcel,892473
Movistar,892475
Movistar,892477
Telcel,892480
Telcel,892483
Movistar,892486
Movistar,892491
Telcel,892497
Movistar,892501
Telcel,892505
Telcel,892507
Telcel,892510
Movistar,892514
Telcel,892530
Other,892531
Telcel,892532
Telcel,892536
Movistar,892538
Telcel,892542
Movistar,892543
Telcel,892545
Telcel,892559
Telcel,892562
Telcel,892565
Telcel,892576
Movistar,892581
Telcel,892587
Telcel,892592
Telcel,892593
Movistar,892617
Movistar,892628
Movistar,892634
Movistar,892636
Telcel,892639
Movistar,892643
Telcel,892646
Telcel,892649
Telcel,892657
Other,892666
Telcel,892669
Telcel,892671
Movistar,892682
Telcel,892702
Telcel,892721
Telcel,892734
Telcel,892737
Movistar,892741
Telcel,892784
Movistar,892805
Telcel,892807
Telcel,892824
Movistar,892840
Telcel,892863
Movistar,892870
Movistar,892890
Telcel,892909
Movistar,892912
Telcel,892915
Telcel,892921
Telcel,892922
Telcel,892927
Telcel,892978
Telcel,892979
Telcel,892993
Movistar,893010
Telcel,893014
Telcel,893016
Movistar,893031
Movistar,893034
Telcel,893037
Telcel,893050
Telcel,893071
Other,893097
Telcel,893104
Telcel,893128
Telcel,893132
Movistar,893140
Telcel,893187
Telcel,893199
Telcel,893221
Telcel,893439
Movistar,893521
Telcel,893524
Movistar,893547
Telcel,893569
Telcel,893591
Movistar,893594
Telcel,893697
Telcel,893702
Telcel,893709
Telcel,893745
Telcel,893794
Movistar,893812
Other,893827
Movistar,893831
Movistar,893935
Telcel,894048
Telcel,894203
Movistar,894215
Telcel,894247
Telcel,894603
Telcel,895043
Telcel,895103
Telcel,895188
Movistar,895240
Telcel,895646
Other,895788
Telcel,895949
Movistar,895970
Movistar,896261
Telcel,896430
Telcel,896473
Movistar,896573
Telcel,896948
Movistar,897420
Telcel,897636
Telcel,897923
Telcel,898014
Telcel,898021
Telcel,898682
Telcel,899007
Telcel,899035
Telcel,899257
Movistar,899304
Movistar,899392
Telcel,899418
Telcel,899513
Movistar,899575
Telcel,899598
Telcel,899625
Movistar,899688
Telcel,899690
Movistar,899809
Telcel,899810
Telcel,899833
Telcel,899860
Telcel,899873
Movistar,899883
Movistar,899904
Telcel,899932
Telcel,899955
Telcel,900024
Telcel,900062
Telcel,900065
Telcel,900094
Telcel,900137
Telcel,900145
Telcel,900148
Telcel,900157
Telcel,900163
Telcel,900164
Telcel,900204
Movistar,900214
Telcel,900231
Telcel,900277
Movistar,900297
Telcel,900306
Telcel,900309
Telcel,900339
Telcel,900371
Telcel,900389
Telcel,900513
Movistar,900541
Telcel,900558
Telcel,900576
Movistar,900641
Movistar,900685
Movistar,900731
Telcel,901032
Telcel,901197
Movistar,901572
Movistar,901678
Movistar,901836
Telcel,901904
Telcel,901961
Movistar,902036
Telcel,902050
Telcel,902212
Telcel,902223
Telcel,902290
Telcel,902823
Telcel,902997
Telcel,903084
Movistar,903092
Telcel,903166
Movistar,903175
Telcel,903193
Movistar,903197
Telcel,903201
Movistar,903330
Movistar,903408
Movistar,903500
Telcel,903583
Telcel,903584
Movistar,903585
Movistar,903588
Telcel,903597
Telcel,903600
Movistar,903604
Movistar,903606
Movistar,903607
Telcel,903609
Movistar,903613
Movistar,903614
Movistar,903616
Telcel,903618
Telcel,903622
Movistar,903626
Telcel,903629
Movistar,903634
Telcel,903636
Movistar,903642
Telcel,903646
Movistar,903652
Movistar,903778
AT&T,903826
Telcel,903828
Telcel,903839
Telcel,903851
Telcel,903863
Other,903873
Movistar,903909
Telcel,903911
Telcel,903919
Telcel,903927
Movistar,903930
Telcel,903931
Telcel,903932
Movistar,903936
Movistar,903941
Movistar,903943
Movistar,903948
Telcel,903949
Telcel,903950
Telcel,903951
Telcel,903955
Movistar,903997
Telcel,904002
Movistar,904008
Movistar,904012
Telcel,904015
Movistar,904027
Telcel,904043
Movistar,904045
Telcel,904046
Movistar,904052
Movistar,904073
Telcel,904074
Movistar,904076
Telcel,904083
Telcel,904094
Movistar,904096
Movistar,904099
Telcel,904103
Telcel,904104
Movistar,904112
Telcel,904114
Telcel,904121
Telcel,904123
Telcel,904126
Telcel,904128
Telcel,904139
Movistar,904143
Telcel,904153
Telcel,904157
Telcel,904161
Telcel,904167
Movistar,904202
Telcel,904210
Movistar,904215
Telcel,904225
Telcel,904234
Movistar,904241
Telcel,904251
Telcel,904263
Movistar,904271
Movistar,904275
Telcel,904283
Other,904294
Movistar,904300
Movistar,904303
Movistar,904309
Telcel,904318
Telcel,904319
Movistar,904321
Telcel,904323
Telcel,904328
Telcel,904339
Movistar,904346
Telcel,904348
Movistar,904368
Other,904374
Movistar,904375
Movistar,904377
Movistar,904392
Telcel,904394
Movistar,904399
Movistar,904406
Movistar,904409
Movistar,904462
Movistar,904463
Telcel,904469
Movistar,904483
Telcel,904484
Telcel,904502
Telcel,904517
Movistar,904521
Telcel,904527
Telcel,904531
Telcel,904533
Movistar,904543
Movistar,904730
Movistar,904817
Telcel,904823
Telcel,904908
Movistar,904910
Telcel,904984
Telcel,905047
Telcel,905118
Telcel,905160
Telcel,905165
Telcel,905166
Movistar,905206
Telcel,905210
Other,905215
Telcel,905257
Telcel,905267
Movistar,905291
Movistar,905345
Telcel,905366
Movistar,905457
Telcel,905587
Telcel,905634
Telcel,905681
Telcel,905802
Telcel,905837
Telcel,905871
Telcel,905935
Movistar,905969
Telcel,906010
Telcel,906016
Movistar,906032
Telcel,906036
Movistar,906038
Movistar,906040
Telcel,906061
Telcel,906071
Telcel,906073
Movistar,906075
Movistar,906077
Movistar,906079
Telcel,906083
Movistar,906086
Movistar,906087
Telcel,906090
Telcel,906100
Telcel,906101
Telcel,906104
Movistar,906105
Movistar,906107
Movistar,906109
Telcel,906110
Movistar,906111
Telcel,906118
Telcel,906121
Movistar,906124
Movistar,906129
Movistar,906132
Telcel,906136
Telcel,906137
Movistar,906141
Telcel,906142
Telcel,906147
Telcel,906148
Other,906149
Telcel,906151
Telcel,906159
Telcel,906162
Movistar,906165
Telcel,906166
Movistar,906174
Movistar,906175
Telcel,906176
Movistar,906178
Telcel,906179
Telcel,906181
Telcel,906182
Movistar,906185
Movistar,906189
Other,906197
Movistar,906201
Telcel,906208
Telcel,906213
Telcel,906220
Telcel,906221
Movistar,906228
Movistar,906231
Telcel,906232
Movistar,906251
Telcel,906253
Telcel,906271
Telcel,906275
Movistar,906279
Movistar,906280
Telcel,906287
Movistar,906290
Telcel,906300
Movistar,906328
Telcel,906332
Movistar,906335
Telcel,906343
Movistar,906355
Telcel,906361
Movistar,906374
Telcel,906375
Telcel,906388
Movistar,906398
Telcel,906403
Telcel,906406
Telcel,906420
Telcel,906430
Movistar,906432
Movistar,906490
Telcel,906493
Movistar,906494
Telcel,906499
Movistar,906512
Telcel,906535
Telcel,906563
Movistar,906573
Movistar,906616
Telcel,906712
Telcel,906758
Telcel,906768
Movistar,906783
Movistar,906796
Telcel,906908
Telcel,906941
Telcel,906948
Movistar,906977
Telcel,907032
Movistar,907091
Movistar,907403
Movistar,907445
Telcel,907552
Telcel,907560
Telcel,907568
Movistar,907683
Telcel,907747
Movistar,907815
Telcel,907893
Telcel,907904
Telcel,908084
Telcel,908194
Movistar,908351
AT&T,908397
Other,908848
Movistar,908968
Movistar,908989
Telcel,909068
Telcel,909102
Telcel,909302
Movistar,909559
Movistar,909729
Movistar,909885
Telcel,909950
Movistar,910284
Movistar,910325
Movistar,910376
Movistar,910591
Telcel,910777
Movistar,910914
Movistar,910983
Telcel,911158
Telcel,911366
Movistar,911657
Telcel,911749
Telcel,911756
Telcel,911819
Telcel,911950
Telcel,912013
Telcel,912250
Movistar,912259
Telcel,912262
Movistar,912266
Telcel,912269
Telcel,912271
Movistar,912276
Telcel,912278
Telcel,912280
Telcel,912281
Telcel,912287
Movistar,912289
Movistar,912292
Movistar,912293
Movistar,912296
Telcel,912303
Telcel,912305
Movistar,912306
Telcel,912310
Telcel,912312
Telcel,912314
Movistar,912316
Telcel,912317
Telcel,912322
Movistar,912324
Movistar,912329
Movistar,912331
Movistar,912332
Telcel,912334
Telcel,912337
Telcel,912341
Telcel,912343
Movistar,912345
Movistar,912346
Telcel,912348
Telcel,912351
Telcel,912353
Other,912354
Telcel,912357
Movistar,912361
Telcel,912370
Telcel,912374
Telcel,912375
Movistar,912378
Telcel,912382
Movistar,912383
Telcel,912384
Telcel,912385
Other,912388
Other,912390
Telcel,912393
Movistar,912394
Movistar,912396
Other,912398
Movistar,912399
Telcel,912400
Telcel,912402
Telcel,912405
Movistar,912406
Telcel,912408
Movistar,912409
Movistar,912411
Telcel,912412
Telcel,912413
Movistar,912415
Movistar,912418
Movistar,912426
Movistar,912432
Telcel,912437
Movistar,912438
Telcel,912440
Telcel,912441
Movistar,912442
Movistar,912445
Telcel,912447
Movistar,912448
Movistar,912449
Telcel,912451
Movistar,912455
Movistar,912459
Movistar,912468
Telcel,912469
Movistar,912472
Telcel,912473
Movistar,912478
Telcel,912479
Telcel,912480
Telcel,912486
Movistar,912492
Telcel,912495
Telcel,912499
Movistar,912502
Telcel,912505
Movistar,912508
Movistar,912512
Movistar,912514
Movistar,912515
Movistar,912517
Movistar,912518
Movistar,912519
Movistar,912527
Telcel,912529
Movistar,912530
Movistar,912535
Movistar,912539
Telcel,912548
Telcel,912551
Telcel,912552
Telcel,912554
Telcel,912556
Movistar,912558
Telcel,912560
Movistar,912562
Movistar,912568
Telcel,912570
Movistar,912571
Telcel,912575
Telcel,912576
Movistar,912580
Movistar,912584
Movistar,912593
Telcel,912594
Movistar,912596
Telcel,912599
Movistar,912602
Movistar,912603
Telcel,912608
Telcel,912614
Telcel,912618
Telcel,912622
Movistar,912624
Telcel,912625
Telcel,912627
AT&T,912630
Movistar,912632
Movistar,912634
Telcel,912640
Telcel,912641
Telcel,912644
Telcel,912649
Telcel,912650
Movistar,912651
Telcel,912653
Telcel,912654
Telcel,912656
Telcel,912658
Movistar,912659
Movistar,912664
Movistar,912671
Telcel,912677
Telcel,912680
Telcel,912681
Movistar,912688
Telcel,912694
Telcel,912695
Telcel,912698
Movistar,912701
Telcel,912702
Movistar,912704
Telcel,912707
Movistar,912708
Telcel,912709
Telcel,912710
AT&T,912713
Telcel,912714
Telcel,912717
Telcel,912719
Telcel,912727
Telcel,912730
Movistar,912732
Telcel,912734
Movistar,912738
Telcel,912741
Other,912743
Telcel,912744
Movistar,912752
Telcel,912754
Telcel,912761
Telcel,912762
Movistar,912763
Telcel,912766
Telcel,912767
Telcel,912771
Movistar,912773
Movistar,912779
Telcel,912781
Telcel,912791
Telcel,912812
Movistar,912819
Movistar,912836
Telcel,912855
Telcel,912856
Movistar,912888
Telcel,912895
Telcel,912908
Movistar,912911
Telcel,912914
Telcel,912921
Telcel,912934
Telcel,912938
Telcel,912944
Telcel,912953
Movistar,912964
Telcel,912966
Movistar,912969
Movistar,912970
Movistar,912978
Telcel,912983
Movistar,912984
Movistar,912985
Telcel,912990
Movistar,912998
Movistar,912999
Telcel,913008
Movistar,913012
Movistar,913014
Telcel,913020
Telcel,913021
Telcel,913028
Movistar,913030
Movistar,913031
Telcel,913034
Movistar,913036
Telcel,913037
Telcel,913040
Movistar,913043
Telcel,913047
Movistar,913053
Telcel,913058
Movistar,913060
Telcel,913068
Telcel,913069
Telcel,913078
Telcel,913079
Movistar,913081
Movistar,913082
Movistar,913087
Movistar,913095
Movistar,913097
Movistar,913101
Movistar,913108
Telcel,913110
Telcel,913118
Telcel,913119
Telcel,913122
Telcel,913126
Telcel,913128
Movistar,913133
Movistar,913134
Telcel,913137
Movistar,913139
Telcel,913147
Movistar,913149
Movistar,913156
Movistar,913158
Movistar,913159
Movistar,913161
Telcel,913164
Telcel,913166
Movistar,913169
Telcel,913173
Telcel,913179
AT&T,913183
Telcel,913191
Telcel,913198
Movistar,913201
Telcel,913205
Movistar,913209
Telcel,913211
Movistar,913212
Telcel,913216
Movistar,913243
Movistar,913251
Telcel,913265
Movistar,913278
Telcel,913286
Telcel,913287
Telcel,913310
Telcel,913314
Telcel,913317
Telcel,913319
Telcel,913321
Telcel,913338
Telcel,913342
Telcel,913393
Movistar,913426
Telcel,913427
Movistar,913435
Telcel,913449
Telcel,913450
Telcel,913453
Telcel,913460
Telcel,913467
Telcel,913475
Movistar,913477
Telcel,913480
Telcel,913483
Telcel,913486
Telcel,913491
Telcel,913493
Movistar,913505
Telcel,913515
Telcel,913516
Movistar,913525
Telcel,913534
Movistar,913535
Telcel,913537
Telcel,913539
Telcel,913547
Movistar,913555
Movistar,913566
Telcel,913580
AT&T,913588
Telcel,913590
Movistar,913595
Movistar,913596
Telcel,913600
Movistar,913602
Telcel,913609
Telcel,913624
Telcel,913633
Telcel,913751
Telcel,913829
Telcel,913830
Movistar,913885
Telcel,913908
Telcel,913979
Telcel,914013
Telcel,914020
Telcel,914049
Telcel,914090
Telcel,914162
Movistar,914250
Telcel,914256
Movistar,914260
Movistar,914278
Movistar,914283
Telcel,914315
Telcel,914342
Telcel,914352
Telcel,914386
Movistar,914417
Movistar,914420
Movistar,914422
Telcel,914425
Movistar,914429
Movistar,914440
Telcel,914447
Movistar,914476
Movistar,914522
Telcel,914532
Telcel,914554
Telcel,914560
Telcel,914586
Telcel,914620
AT&T,914636
Other,914652
Telcel,914678
Telcel,914687
Telcel,914706
Movistar,914709
Telcel,914743
Movistar,914753
Telcel,914765
Telcel,914770
Movistar,914816
Telcel,914835
Telcel,914839
Telcel,914864
Telcel,914895
Movistar,914913
Movistar,914924
Telcel,914948
Movistar,915013
Movistar,915017
Telcel,915023
Telcel,915049
Telcel,915087
Telcel,915107
Telcel,915122
Telcel,915129
Telcel,915141
Movistar,915150
Movistar,915170
Telcel,915175
Telcel,915192
Telcel,915206
Movistar,915222
Telcel,915240
Movistar,915270
Telcel,915291
Movistar,915338
Telcel,915362
Telcel,915414
Movistar,915418
Telcel,915437
Movistar,915454
Telcel,915472
Movistar,915490
Movistar,915507
Telcel,915521
Telcel,915522
Telcel,915539
Movistar,915545
Movistar,915564
Movistar,915566
Telcel,915586
Movistar,915607
Movistar,915610
Telcel,915614
Movistar,915616
Movistar,915625
Movistar,915660
Movistar,915668
Telcel,915685
Telcel,915704
Other,915723
Telcel,915747
Telcel,915750
Telcel,915755
Telcel,915758
Telcel,915778
Telcel,915810
Movistar,915811
Movistar,915812
Telcel,915832
Movistar,915834
Telcel,915841
Telcel,915847
Telcel,915851
Telcel,915861
Telcel,915869
Telcel,915887
Movistar,915894
Telcel,915897
Movistar,915909
Telcel,915919
Telcel,915938
Telcel,915958
Telcel,915983
Telcel,915994
Movistar,916025
Movistar,916026
Movistar,916035
Movistar,916043
Telcel,916065
Telcel,916066
Telcel,916069
Movistar,916072
Movistar,916076
Movistar,916080
Telcel,916091
Movistar,916098
Movistar,916118
Telcel,916133
Movistar,916139
Movistar,916140
Telcel,916159
Movistar,916166
Movistar,916167
Telcel,916176
Telcel,916189
Movistar,916196
Movistar,916197
Movistar,916198
Telcel,916208
Movistar,916215
Telcel,916225
Telcel,916237
Telcel,916265
Movistar,916267
Movistar,916281
Telcel,916306
Telcel,916309
Movistar,916313
Telcel,916321
Telcel,916326
Telcel,916335
Movistar,916340
Movistar,916355
Telcel,916359
Movistar,916374
Movistar,916378
Movistar,916385
Telcel,916389
Telcel,916399
Movistar,916406
Telcel,916439
Telcel,916469
Telcel,916483
Telcel,916500
Movistar,916506
Telcel,916514
Telcel,916519
Telcel,916534
Telcel,916547
Movistar,916560
Telcel,916567
Telcel,916583
Telcel,916584
Telcel,916603
Telcel,916624
Telcel,916632
Telcel,916646
Telcel,916654
Telcel,916658
Telcel,916666
Telcel,916676
Movistar,916681
Movistar,916683
Telcel,916705
Movistar,916721
Telcel,916723
Movistar,916728
AT&T,916730
Movistar,916735
Telcel,916747
Telcel,916757
Telcel,916787
Telcel,916793
Movistar,916794
Telcel,916797
Movistar,916799
Telcel,916811
Telcel,916813
Movistar,916815
Telcel,916819
Telcel,916822
Telcel,916823
Telcel,916828
Movistar,916831
Movistar,916835
Telcel,916838
Telcel,916843
Telcel,916847
Telcel,916861
Movistar,916864
Telcel,916866
Movistar,916867
Movistar,916875
Telcel,916877
Movistar,916885
Movistar,916887
Telcel,916889
Telcel,916894
Movistar,916909
Movistar,916911
Telcel,916926
Telcel,916933
Other,916939
Telcel,916941
Telcel,916943
Telcel,916950
Telcel,916975
Movistar,916980
Telcel,916984
Telcel,916992
Telcel,916995
Telcel,916996
AT&T,916997
Telcel,917005
Movistar,917006
Telcel,917007
Movistar,917012
Movistar,917025
Movistar,917035
Telcel,917037
Telcel,917038
Movistar,917043
Movistar,917052
Movistar,917058
Movistar,917060
Telcel,917063
Movistar,917066
Telcel,917072
Telcel,917073
Telcel,917076
Movistar,917079
Telcel,917083
Telcel,917085
Movistar,917090
Telcel,917098
Telcel,917100
Movistar,917107
Telcel,917108
Telcel,917109
Movistar,917115
Telcel,917140
Telcel,917142
AT&T,917146
Telcel,917153
Telcel,917155
Telcel,917167
Movistar,917169
Movistar,917173
Movistar,917175
Telcel,917178
Telcel,917188
Movistar,917207
Telcel,917211
Telcel,917228
Movistar,917231
Movistar,917246
Telcel,917247
Movistar,917248
Movistar,917251
Telcel,917255
Movistar,917257
Movistar,917260
Movistar,917264
Telcel,917273
Movistar,917283
Movistar,917286
Telcel,917290
Telcel,917296
Movistar,917297
Telcel,917299
Telcel,917300
Telcel,917301
Telcel,917311
Movistar,917318
Telcel,917319
Telcel,917321
Telcel,917325
Movistar,917327
Telcel,917329
Telcel,917343
Movistar,917344
Movistar,917346
Movistar,917351
Movistar,917353
Telcel,917354
Telcel,917356
Other,917357
Movistar,917361
Telcel,917363
Telcel,917365
Telcel,917370
Movistar,917372
Movistar,917373
Movistar,917385
Telcel,917392
Movistar,917403
Telcel,917406
Telcel,917407
Telcel,917411
Movistar,917412
Movistar,917413
Movistar,917421
Telcel,917427
Movistar,917432
Telcel,917435
Telcel,917436
Movistar,917441
Telcel,917448
Telcel,917454
Telcel,917465
Telcel,917480
Telcel,917490
Telcel,917497
Telcel,917506
Movistar,917521
Telcel,917528
Telcel,917533
Telcel,917542
Telcel,917544
Telcel,917556
Telcel,917560
Telcel,917564
AT&T,917566
Movistar,917573
Telcel,917574
Movistar,917586
Telcel,917594
Telcel,917603
Telcel,917608
Telcel,917609
Other,917610
Telcel,917613
Telcel,917617
Movistar,917623
Telcel,917626
Movistar,917627
Telcel,917628
Telcel,917632
Telcel,917635
Telcel,917649
Movistar,917650
Movistar,917653
Telcel,917654
Telcel,917661
Movistar,917663
Telcel,917667
Other,917671
Movistar,917674
Telcel,917677
Movistar,917684
Movistar,917693
Movistar,917698
Telcel,917699
Telcel,917711
Movistar,917713
Telcel,917714
Movistar,917722
Movistar,917731
Telcel,917738
Telcel,917759
Movistar,917767
Telcel,917772
Movistar,917773
Movistar,917798
Movistar,917803
Movistar,917812
Telcel,917821
Telcel,917838
Movistar,917843
Telcel,917846
Movistar,917849
Telcel,917851
Telcel,917861
Telcel,917862
Telcel,917875
Movistar,917877
Telcel,917883
Telcel,917886
Telcel,917890
Telcel,917891
Telcel,917898
Telcel,917904
Telcel,917915
Movistar,917920
Movistar,917922
Movistar,917925
Movistar,917928
Movistar,917933
Movistar,917948
Movistar,917949
Movistar,917950
Movistar,917954
Movistar,917958
Telcel,917962
Telcel,917974
Telcel,917984
Telcel,917996
Movistar,917997
Movistar,918004
Movistar,918011
Telcel,918025
Telcel,918026
Movistar,918032
Movistar,918034
Telcel,918039
Telcel,918052
Movistar,918054
Movistar,918055
Telcel,918060
Movistar,918077
Movistar,918080
Movistar,918083
Telcel,918090
Telcel,918098
Telcel,918103
Movistar,918109
Movistar,918119
Movistar,918120
Telcel,918152
Telcel,918155
Telcel,918157
Telcel,918161
Movistar,918169
Telcel,918170
Movistar,918172
Movistar,918173
Telcel,918181
Telcel,918186
Telcel,918192
Movistar,918196
Telcel,918201
Telcel,918205
Movistar,918207
Movistar,918208
Telcel,918217
Telcel,918224
Movistar,918225
Telcel,918235
Telcel,918237
Movistar,918260
Movistar,918272
Movistar,918278
Movistar,918280
Movistar,918282
Telcel,918283
Movistar,918286
Movistar,918298
Movistar,918299
Telcel,918314
Movistar,918318
Movistar,918322
Movistar,918323
Movistar,918328
Movistar,918329
Telcel,918338
Telcel,918347
Telcel,918350
Movistar,918358
Movistar,918367
Telcel,918368
Telcel,918396
Telcel,918398
Movistar,918407
Telcel,918418
Movistar,918419
Movistar,918429
Telcel,918431
Telcel,918441
Telcel,918445
Telcel,918451
Telcel,918456
Telcel,918475
Telcel,918476
Telcel,918515
Movistar,918529
Telcel,918536
Movistar,918548
Telcel,918556
Telcel,918597
Telcel,918614
Movistar,918624
Telcel,918626
Telcel,918639
Telcel,918657
Telcel,918690
Movistar,918694
Other,918703
Telcel,918705
Telcel,918710
Telcel,918730
Telcel,918742
Telcel,918765
Telcel,918769
Telcel,918773
Telcel,918775
Movistar,918796
Telcel,918801
Movistar,918810
Telcel,918818
Telcel,918823
Telcel,918856
Telcel,918873
Movistar,918906
Telcel,918919
Movistar,918943
Telcel,918999
Telcel,919062
Movistar,919073
Movistar,919076
Movistar,919210
Movistar,919262
Movistar,919349
Movistar,919350
Movistar,919369
Movistar,919704
AT&T,919792
Movistar,920108
Movistar,920182
Telcel,920740
Telcel,920779
Telcel,921894
Movistar,922482
Movistar,922584
Telcel,923756
Telcel,923761
Telcel,923843
Movistar,924237
Movistar,924315
Movistar,924521
Movistar,924570
Telcel,924737
Telcel,924749
Telcel,924965
Telcel,925177
Telcel,925654
Movistar,925728
Telcel,925738
Telcel,925876
Movistar,926086
Telcel,926360
Telcel,927058
Movistar,927084
Telcel,927147
Telcel,927197
Movistar,927390
Movistar,927818
