EducationLevel,CustomerID
Doctorate,877687
Doctorate,877723
Doctorate,877757
Bachelor,877792
Bachelor,877840
Bachelor,877988
Master's Degree,878821
Bachelor,878822
Master's Degree,878842
Master's Degree,878855
Master's Degree,878871
Master's Degree,878907
Doctorate,878908
High School,878912
Master's Degree,878919
Bachelor,878974
Bachelor,878977
Bachelor,878993
High School,879011
High School,879017
Associate's Degree,879020
Bachelor,879033
Master's Degree,879055
Bachelor,879061
High School,879072
Bachelor,879232
High School,879264
High School,879306
Bachelor,879310
Bachelor,879403
Master's Degree,879453
Master's Degree,879454
Doctorate,879478
Master's Degree,879500
Bachelor,879535
Some College,879889
High School,879926
Bachelor,881801
High School,882315
High School,882316
Master's Degree,882319
Master's Degree,882320
Master's Degree,882321
Bachelor,882324
Master's Degree,882325
Bachelor,882326
Doctorate,882328
Bachelor,882330
Master's Degree,882332
Master's Degree,882333
Bachelor,882336
Master's Degree,882337
Bachelor,882340
Bachelor,882341
Some College,882342
High School,882343
High School,882346
Master's Degree,882348
Master's Degree,882350
Master's Degree,882351
High School,882354
Master's Degree,882356
Master's Degree,882357
High School,882358
Some College,882359
Master's Degree,882360
Bachelor,882364
Doctorate,882366
Bachelor,882367
Some College,882368
Master's Degree,882371
Master's Degree,882372
Associate's Degree,882375
High School,882376
Master's Degree,882377
Master's Degree,882382
Doctorate,882383
Master's Degree,882387
Some College,882388
Master's Degree,882391
Bachelor,882392
Bachelor,882393
Bachelor,882395
Bachelor,882397
High School,882398
Bachelor,882402
Bachelor,882403
Bachelor,882407
High School,882409
Bachelor,882410
Master's Degree,882413
High School,882414
Bachelor,882415
Master's Degree,882419
Bachelor,882423
High School,882424
Master's Degree,882425
Master's Degree,882426
High School,882428
Master's Degree,882429
Master's Degree,882433
Bachelor,882434
Post-Doc,882435
Bachelor,882437
Bachelor,882439
Bachelor,882440
Doctorate,882442
Bachelor,882444
Master's Degree,882446
Master's Degree,882449
High School,882451
High School,882452
High School,882457
Bachelor,882459
High School,882462
High School,882463
High School,882464
High School,882465
Master's Degree,882467
Master's Degree,882469
Bachelor,882471
Master's Degree,882475
Bachelor,882476
Master's Degree,882478
Bachelor,882479
Bachelor,882481
Master's Degree,882482
Master's Degree,882483
Bachelor,882484
High School,882491
High School,882494
Master's Degree,882497
High School,882500
Master's Degree,882501
Bachelor,882503
Master's Degree,882504
Bachelor,882506
Trade School,882507
Associate's Degree,882508
Some College,882512
Master's Degree,882515
High School,882517
Master's Degree,882518
Doctorate,882521
Bachelor,882522
High School,882523
High School,882527
High School,882531
Some College,882532
Bachelor,882535
Bachelor,882537
Bachelor,882543
Master's Degree,882545
Master's Degree,882550
Master's Degree,882551
Bachelor,882553
Bachelor,882559
High School,882560
Associate's Degree,882563
Bachelor,882564
Bachelor,882565
Bachelor,882569
High School,882573
High School,882574
Bachelor,882576
Bachelor,882577
Bachelor,882578
High School,882581
High School,882583
Master's Degree,882585
Bachelor,882587
Master's Degree,882590
Master's Degree,882591
Bachelor,882593
High School,882594
High School,882597
Some College,882599
High School,882600
Post-Doc,882602
High School,882607
Bachelor,882608
Some College,882609
Master's Degree,882612
Associate's Degree,882616
Bachelor,882621
High School,882622
High School,882623
Grade School,882626
High School,882627
Some College,882628
Bachelor,882631
High School,882632
Master's Degree,882636
High School,882638
Bachelor,882639
High School,882640
Doctorate,882645
Bachelor,882648
High School,882650
Doctorate,882652
High School,882656
Bachelor,882658
High School,882660
High School,882666
High School,882667
Bachelor,882674
High School,882677
Master's Degree,882678
High School,882683
Bachelor,882684
High School,882685
High School,882693
Post-Doc,882694
Some College,882699
Master's Degree,882700
Bachelor,882701
Bachelor,882705
Master's Degree,882709
High School,882713
Bachelor,882715
High School,882720
Bachelor,882721
Bachelor,882728
Master's Degree,882729
High School,882731
Some College,882735
Master's Degree,882737
High School,882738
High School,882739
Master's Degree,882741
Bachelor,882745
Master's Degree,882747
High School,882750
Master's Degree,882752
Bachelor,882756
Grade School,882757
Bachelor,882760
Bachelor,882763
High School,882766
Doctorate,882768
High School,882769
Associate's Degree,882772
Master's Degree,882775
High School,882778
High School,882783
Some College,882784
Bachelor,882787
Doctorate,882793
Bachelor,882796
High School,882799
Bachelor,882801
High School,882804
Master's Degree,882807
Master's Degree,882808
High School,882812
High School,882816
High School,882817
Doctorate,882821
High School,882824
High School,882827
Bachelor,882828
Master's Degree,882830
Master's Degree,882837
Master's Degree,882844
High School,882853
High School,882856
Master's Degree,882859
Some College,882868
Doctorate,882869
Master's Degree,882886
Bachelor,882891
High School,882896
High School,882902
Bachelor,882910
High School,882911
Bachelor,882919
Post-Doc,882923
Bachelor,882927
High School,882932
Some College,882934
High School,882936
Master's Degree,882938
High School,882941
Grade School,882942
Master's Degree,882945
High School,882951
High School,882955
Bachelor,882957
High School,882959
Master's Degree,882961
Some College,882962
High School,882963
Associate's Degree,882964
Some College,882969
High School,882971
Bachelor,882973
Some College,882975
Bachelor,882977
Master's Degree,882984
Bachelor,882987
Bachelor,882989
Bachelor,882991
High School,882994
Master's Degree,882999
Bachelor,883011
Bachelor,883016
Bachelor,883018
Master's Degree,883021
Bachelor,883028
Grade School,883035
High School,883043
High School,883047
Associate's Degree,883062
High School,883064
Bachelor,883072
Bachelor,883077
Bachelor,883079
Master's Degree,883085
Doctorate,883102
Some College,883115
Master's Degree,883122
Doctorate,883127
Master's Degree,883161
Bachelor,883169
Master's Degree,883175
Bachelor,883247
Associate's Degree,883334
Bachelor,883364
Bachelor,883388
High School,883405
Bachelor,883418
Master's Degree,883424
Master's Degree,883432
Associate's Degree,883438
Some College,883441
Master's Degree,883444
High School,883446
Bachelor,883449
Bachelor,883450
Bachelor,883455
Master's Degree,883457
Some College,883459
Master's Degree,883463
High School,883467
Master's Degree,883476
Master's Degree,883483
Bachelor,883486
High School,883494
Bachelor,883498
Master's Degree,883507
Bachelor,883513
Bachelor,883522
Bachelor,883526
Doctorate,883527
Bachelor,883546
High School,883554
High School,883556
Master's Degree,883565
Master's Degree,883571
High School,883573
Some College,883597
High School,883598
Bachelor,883613
Bachelor,883619
Bachelor,883624
High School,883631
Bachelor,883632
Bachelor,883665
Bachelor,883670
Bachelor,883696
Master's Degree,883716
Bachelor,883724
High School,883730
Bachelor,883736
Post-Doc,883739
Master's Degree,883753
Doctorate,883768
Bachelor,883773
High School,883790
Master's Degree,883808
High School,883878
Bachelor,883931
Bachelor,883950
Master's Degree,883956
Bachelor,883979
Some College,884001
Master's Degree,884080
High School,884112
High School,884199
Bachelor,884217
High School,884225
Bachelor,884248
Doctorate,884270
Master's Degree,884303
Associate's Degree,884339
Master's Degree,884357
Master's Degree,884384
Some College,884423
High School,884596
Bachelor,884624
Some College,884673
Bachelor,884717
Bachelor,884766
High School,884789
Bachelor,884804
Doctorate,884848
Bachelor,884851
Doctorate,884856
High School,884859
High School,884860
High School,884862
Doctorate,884867
Associate's Degree,884870
High School,884872
Bachelor,884873
Bachelor,884878
Doctorate,884879
Doctorate,884881
High School,884887
Doctorate,884892
Master's Degree,884895
High School,884897
Bachelor,884899
Master's Degree,884908
Bachelor,884909
Grade School,884912
Bachelor,884913
High School,884914
Bachelor,884916
Master's Degree,884919
Doctorate,884920
High School,884921
High School,884924
Master's Degree,884926
High School,884931
Doctorate,884932
Master's Degree,884939
Post-Doc,884945
Doctorate,884947
Master's Degree,884948
Bachelor,884949
High School,884951
Bachelor,884954
High School,884955
Bachelor,884960
Doctorate,884961
Bachelor,884964
High School,884965
High School,884970
Bachelor,884971
High School,884976
Bachelor,884979
Bachelor,884980
Doctorate,884987
Doctorate,884988
Master's Degree,884989
High School,884995
Grade School,884997
Bachelor,884999
High School,885001
Doctorate,885004
Doctorate,885008
Master's Degree,885017
Associate's Degree,885024
Bachelor,885032
Associate's Degree,885039
Master's Degree,885041
High School,885044
Bachelor,885047
Bachelor,885052
Master's Degree,885056
Bachelor,885063
High School,885072
High School,885075
High School,885076
Bachelor,885079
High School,885084
Bachelor,885085
Bachelor,885086
High School,885097
High School,885103
High School,885104
Bachelor,885107
Bachelor,885126
Doctorate,885129
Post-Doc,885149
Bachelor,885152
Master's Degree,885159
Post-Doc,885163
High School,885168
Bachelor,885199
High School,885210
Bachelor,885220
High School,885227
High School,885229
Doctorate,885237
Doctorate,885260
Post-Doc,885269
Bachelor,885279
High School,885282
Bachelor,885292
Master's Degree,885297
Associate's Degree,885301
Some College,885314
Bachelor,885316
High School,885321
Doctorate,885341
Bachelor,885344
Some College,885350
Bachelor,885360
High School,885362
Some College,885365
High School,885373
High School,885379
High School,885383
Post-Doc,885396
Bachelor,885416
Doctorate,885449
Bachelor,885491
Post-Doc,885544
High School,885565
Master's Degree,885582
Bachelor,885638
Doctorate,885715
Master's Degree,885811
High School,885839
Bachelor,885914
Master's Degree,886081
Bachelor,886169
High School,886213
High School,886308
Post-Doc,886445
Associate's Degree,886455
Bachelor,886888
Doctorate,886898
Some College,886938
Bachelor,886984
Master's Degree,886993
Associate's Degree,887015
High School,887022
Master's Degree,887026
High School,887086
Bachelor,887298
Bachelor,887309
Doctorate,887325
Master's Degree,887335
Bachelor,887347
High School,887376
Master's Degree,887420
Associate's Degree,887509
Bachelor,887609
Doctorate,887618
Bachelor,887658
Bachelor,887666
High School,887871
Master's Degree,887894
Bachelor,887898
High School,887903
Master's Degree,887905
High School,887908
Master's Degree,887913
Doctorate,887917
Bachelor,887920
High School,887924
Bachelor,887925
Bachelor,887929
Grade School,887933
Bachelor,887934
Master's Degree,887936
Bachelor,887939
High School,887941
Master's Degree,887945
Bachelor,887946
High School,887947
Master's Degree,887949
Bachelor,887952
Bachelor,887954
Bachelor,887955
Master's Degree,887957
Bachelor,887962
High School,887963
Bachelor,887966
High School,887968
High School,887969
Doctorate,887973
High School,887979
Master's Degree,887982
Doctorate,887987
Master's Degree,887989
High School,887990
Bachelor,887991
Bachelor,887992
Bachelor,887995
High School,887999
Master's Degree,888005
Some College,888006
Bachelor,888007
Master's Degree,888008
High School,888014
Bachelor,888017
Some College,888018
Master's Degree,888019
Doctorate,888020
Master's Degree,888021
Bachelor,888025
Bachelor,888027
High School,888028
Bachelor,888029
Bachelor,888031
Bachelor,888032
Bachelor,888033
Bachelor,888038
High School,888041
Bachelor,888045
Master's Degree,888049
High School,888050
High School,888054
Bachelor,888055
Bachelor,888057
High School,888059
Bachelor,888060
Bachelor,888061
Bachelor,888064
High School,888067
Bachelor,888069
Bachelor,888071
Master's Degree,888077
Master's Degree,888078
Bachelor,888079
Post-Doc,888080
High School,888083
High School,888084
Master's Degree,888085
High School,888086
Some College,888090
Master's Degree,888091
Master's Degree,888094
Master's Degree,888095
Bachelor,888101
Some College,888104
High School,888106
Master's Degree,888108
Master's Degree,888110
High School,888112
Master's Degree,888114
Bachelor,888115
Some College,888119
Bachelor,888121
High School,888123
Master's Degree,888125
Bachelor,888126
High School,888127
Master's Degree,888130
High School,888131
Bachelor,888133
High School,888137
High School,888138
Bachelor,888139
Master's Degree,888140
Bachelor,888142
High School,888144
Bachelor,888146
High School,888148
High School,888149
High School,888153
Bachelor,888154
Bachelor,888155
Bachelor,888156
Some College,888157
Some College,888158
High School,888161
Bachelor,888165
High School,888170
High School,888172
High School,888175
Master's Degree,888177
Master's Degree,888178
High School,888179
High School,888199
Bachelor,888211
High School,888213
Bachelor,888218
Associate's Degree,888227
Associate's Degree,888228
Bachelor,888265
Bachelor,888268
Master's Degree,888278
Bachelor,888287
Master's Degree,888297
Doctorate,888302
High School,888325
High School,888341
Bachelor,888342
Master's Degree,888344
High School,888355
Master's Degree,888358
Bachelor,888368
Bachelor,888371
Bachelor,888378
High School,888386
Master's Degree,888388
Bachelor,888389
Some College,888399
Master's Degree,888418
Bachelor,888420
High School,888425
Bachelor,888431
Bachelor,888437
Some College,888449
Master's Degree,888451
High School,888455
High School,888457
High School,888466
High School,888472
Bachelor,888474
Bachelor,888493
Bachelor,888501
Bachelor,888504
Bachelor,888510
Bachelor,888513
High School,888522
Bachelor,888529
Master's Degree,888533
Master's Degree,888535
Some College,888544
Master's Degree,888549
Doctorate,888551
High School,888556
High School,888560
Bachelor,888563
Doctorate,888565
High School,888567
High School,888568
High School,888582
Bachelor,888589
Bachelor,888591
Some College,888592
High School,888593
High School,888594
Bachelor,888600
Bachelor,888601
Some College,888606
High School,888608
Bachelor,888613
High School,888618
High School,888619
High School,888621
Master's Degree,888622
High School,888630
High School,888634
High School,888637
Master's Degree,888650
High School,888651
High School,888652
Bachelor,888655
Bachelor,888660
High School,888663
High School,888665
High School,888667
Bachelor,888671
Associate's Degree,888673
High School,888679
High School,888681
High School,888684
High School,888686
Bachelor,888695
High School,888696
Associate's Degree,888698
High School,888699
High School,888703
High School,888704
Master's Degree,888705
Master's Degree,888708
Some College,888710
Master's Degree,888712
Bachelor,888713
High School,888722
Some College,888723
Master's Degree,888727
Bachelor,888730
Master's Degree,888731
High School,888732
Master's Degree,888733
Master's Degree,888734
Bachelor,888736
Associate's Degree,888738
Bachelor,888739
High School,888743
Bachelor,888749
Bachelor,888752
High School,888753
High School,888760
High School,888762
Bachelor,888764
Bachelor,888767
Bachelor,888769
Master's Degree,888773
Master's Degree,888777
Master's Degree,888778
Associate's Degree,888787
Bachelor,888788
High School,888790
Master's Degree,888794
Bachelor,888796
Master's Degree,888799
Bachelor,888807
Some College,888808
Some College,888810
Bachelor,888811
Bachelor,888813
Master's Degree,888814
Grade School,888815
Master's Degree,888821
Bachelor,888823
High School,888827
Master's Degree,888829
Master's Degree,888831
High School,888836
High School,888838
Bachelor,888842
Bachelor,888844
High School,888846
Bachelor,888847
High School,888848
High School,888856
High School,888857
Bachelor,888863
Bachelor,888864
Bachelor,888865
Some College,888868
Master's Degree,888871
High School,888872
High School,888875
High School,888883
Bachelor,888884
High School,888890
High School,888891
Bachelor,888895
High School,888899
Bachelor,888902
Bachelor,888909
High School,888910
High School,888917
Bachelor,888920
Master's Degree,888922
Master's Degree,888924
Doctorate,888927
Bachelor,888928
Some College,888931
High School,888938
Master's Degree,888940
High School,888942
High School,888944
Bachelor,888945
Bachelor,888946
High School,888947
Doctorate,888951
Master's Degree,888956
Some College,888960
High School,888961
Bachelor,888967
High School,888973
High School,888976
High School,888978
Bachelor,888979
High School,888980
High School,888981
High School,888982
Master's Degree,888987
High School,888988
Bachelor,888991
Bachelor,888997
Master's Degree,888998
Bachelor,889002
Bachelor,889005
High School,889006
Bachelor,889007
Bachelor,889008
Bachelor,889010
Master's Degree,889014
Associate's Degree,889022
High School,889024
Master's Degree,889025
Bachelor,889026
Bachelor,889028
Master's Degree,889031
Bachelor,889034
High School,889037
High School,889038
High School,889040
Bachelor,889047
High School,889048
Master's Degree,889050
High School,889051
Doctorate,889052
Master's Degree,889062
Bachelor,889064
Bachelor,889066
High School,889072
Doctorate,889073
Bachelor,889074
Master's Degree,889075
Bachelor,889077
Bachelor,889078
Bachelor,889088
Master's Degree,889090
Some College,889094
Some College,889095
Bachelor,889098
High School,889100
Bachelor,889109
Master's Degree,889110
High School,889113
Bachelor,889119
High School,889122
Master's Degree,889123
Master's Degree,889126
High School,889130
High School,889132
Doctorate,889134
Bachelor,889135
High School,889139
High School,889144
Bachelor,889146
High School,889147
Master's Degree,889150
Associate's Degree,889152
Master's Degree,889154
Master's Degree,889155
Bachelor,889159
High School,889161
Bachelor,889162
Bachelor,889164
Bachelor,889165
Bachelor,889167
Associate's Degree,889170
Bachelor,889173
Bachelor,889174
High School,889175
High School,889178
Master's Degree,889179
Master's Degree,889182
Bachelor,889186
Bachelor,889188
Bachelor,889191
Master's Degree,889195
Bachelor,889197
High School,889202
High School,889205
Master's Degree,889207
Master's Degree,889210
High School,889212
Bachelor,889215
Bachelor,889218
High School,889219
Bachelor,889220
Bachelor,889221
High School,889223
High School,889227
High School,889228
Bachelor,889231
High School,889233
Doctorate,889236
Master's Degree,889237
Master's Degree,889238
High School,889241
High School,889243
High School,889245
High School,889250
Bachelor,889251
Bachelor,889254
Bachelor,889256
High School,889257
Bachelor,889260
Bachelor,889261
Master's Degree,889262
High School,889264
Bachelor,889267
Bachelor,889268
High School,889270
Associate's Degree,889275
Master's Degree,889276
High School,889277
High School,889280
Bachelor,889281
Bachelor,889282
High School,889283
High School,889284
Bachelor,889285
High School,889287
Bachelor,889291
Bachelor,889292
High School,889297
Some College,889299
High School,889304
High School,889306
Master's Degree,889307
Grade School,889309
High School,889310
High School,889312
Bachelor,889317
High School,889318
Bachelor,889319
Bachelor,889328
High School,889332
High School,889334
High School,889337
Associate's Degree,889339
Master's Degree,889340
Bachelor,889345
Master's Degree,889346
Bachelor,889347
Bachelor,889349
Bachelor,889350
Bachelor,889358
High School,889361
Master's Degree,889374
Doctorate,889376
High School,889378
High School,889379
High School,889380
Bachelor,889381
High School,889385
High School,889386
Bachelor,889387
Master's Degree,889390
Master's Degree,889393
High School,889394
High School,889396
High School,889399
High School,889400
Master's Degree,889404
Master's Degree,889405
Bachelor,889407
High School,889409
Bachelor,889411
High School,889413
High School,889414
Doctorate,889417
High School,889423
Some College,889424
Doctorate,889426
Bachelor,889429
High School,889430
Some College,889431
Bachelor,889435
High School,889440
High School,889441
Master's Degree,889443
High School,889452
Doctorate,889456
Bachelor,889463
Master's Degree,889465
Master's Degree,889468
Master's Degree,889471
Grade School,889477
Bachelor,889478
Bachelor,889480
High School,889481
High School,889483
High School,889484
Master's Degree,889487
Bachelor,889494
High School,889496
Associate's Degree,889499
High School,889503
Master's Degree,889504
Master's Degree,889508
Bachelor,889509
High School,889511
Bachelor,889512
Bachelor,889513
Master's Degree,889517
Associate's Degree,889519
Master's Degree,889525
High School,889533
Bachelor,889534
Master's Degree,889538
High School,889544
High School,889555
Bachelor,889556
Master's Degree,889557
Bachelor,889563
High School,889566
High School,889569
Bachelor,889570
Master's Degree,889575
Bachelor,889576
High School,889578
High School,889579
Bachelor,889584
Bachelor,889585
High School,889586
Bachelor,889588
Doctorate,889589
Master's Degree,889592
High School,889595
Bachelor,889597
Grade School,889598
High School,889600
High School,889601
Some College,889603
Bachelor,889611
Master's Degree,889613
Master's Degree,889614
Master's Degree,889620
Bachelor,889622
Master's Degree,889628
High School,889629
High School,889630
High School,889633
Bachelor,889637
Bachelor,889641
High School,889642
Master's Degree,889643
Bachelor,889645
High School,889657
Bachelor,889661
Master's Degree,889663
High School,889664
Bachelor,889666
Bachelor,889667
Master's Degree,889670
High School,889671
Associate's Degree,889674
High School,889675
Bachelor,889679
High School,889680
High School,889681
Bachelor,889686
Master's Degree,889687
Master's Degree,889690
High School,889691
Bachelor,889693
Doctorate,889701
Grade School,889702
High School,889704
Master's Degree,889705
High School,889709
Master's Degree,889711
Master's Degree,889713
Bachelor,889715
Bachelor,889717
Bachelor,889718
High School,889719
High School,889720
Associate's Degree,889721
Master's Degree,889724
High School,889730
Bachelor,889731
Some College,889732
Bachelor,889736
Master's Degree,889738
Some College,889739
High School,889740
High School,889742
Bachelor,889743
Master's Degree,889745
Master's Degree,889749
Bachelor,889752
High School,889753
Master's Degree,889755
Bachelor,889757
High School,889759
High School,889761
High School,889762
Bachelor,889768
High School,889769
Bachelor,889770
Bachelor,889773
High School,889774
Bachelor,889775
High School,889776
High School,889777
High School,889779
Some College,889783
Bachelor,889784
High School,889785
High School,889788
Master's Degree,889790
Bachelor,889791
Bachelor,889792
Bachelor,889793
Bachelor,889794
High School,889795
Bachelor,889797
High School,889801
Bachelor,889806
Master's Degree,889809
Bachelor,889812
Bachelor,889813
Bachelor,889815
Bachelor,889816
Bachelor,889817
Bachelor,889818
Bachelor,889821
High School,889822
Bachelor,889823
Master's Degree,889826
High School,889827
Bachelor,889831
High School,889832
Master's Degree,889834
Master's Degree,889838
Doctorate,889839
High School,889842
High School,889843
High School,889844
High School,889847
Bachelor,889848
Some College,889851
Bachelor,889853
Post-Doc,889858
Master's Degree,889859
Bachelor,889861
High School,889862
High School,889864
High School,889866
Bachelor,889868
Bachelor,889869
High School,889871
Master's Degree,889872
High School,889877
Bachelor,889878
Master's Degree,889880
High School,889882
Bachelor,889883
High School,889885
Bachelor,889886
High School,889887
Bachelor,889892
Master's Degree,889893
Master's Degree,889894
Bachelor,889895
Associate's Degree,889896
High School,889897
Bachelor,889900
High School,889901
Master's Degree,889903
Bachelor,889905
Bachelor,889906
Master's Degree,889911
Master's Degree,889912
Some College,889915
Bachelor,889918
Master's Degree,889920
Bachelor,889921
Bachelor,889926
Bachelor,889931
Grade School,889932
Master's Degree,889937
Doctorate,889938
High School,889942
High School,889944
Some College,889947
Some College,889950
Master's Degree,889952
Bachelor,889956
Master's Degree,889958
Bachelor,889960
High School,889965
High School,889969
High School,889973
Bachelor,889975
Some College,889977
High School,889978
Master's Degree,889981
Master's Degree,889982
Bachelor,889984
Master's Degree,889986
Bachelor,889987
Bachelor,889989
Associate's Degree,889991
Trade School,889995
Bachelor,889996
High School,889997
Bachelor,890000
Some College,890006
High School,890012
Doctorate,890013
Bachelor,890014
High School,890019
Some College,890022
Master's Degree,890023
Bachelor,890027
Bachelor,890028
Associate's Degree,890030
High School,890031
Bachelor,890034
High School,890036
High School,890040
Doctorate,890047
Bachelor,890051
Master's Degree,890052
Bachelor,890055
Master's Degree,890056
Bachelor,890057
Master's Degree,890059
Bachelor,890061
Master's Degree,890062
High School,890065
High School,890067
High School,890070
Bachelor,890073
Master's Degree,890074
High School,890076
Master's Degree,890079
High School,890080
Bachelor,890083
High School,890085
Master's Degree,890086
High School,890089
High School,890091
Bachelor,890092
Master's Degree,890093
Post-Doc,890094
High School,890096
Bachelor,890098
High School,890099
Master's Degree,890100
High School,890102
Bachelor,890104
High School,890105
Bachelor,890107
Some College,890111
High School,890114
High School,890115
Master's Degree,890119
Bachelor,890122
Master's Degree,890124
Bachelor,890125
Bachelor,890127
Some College,890131
High School,890133
High School,890134
Master's Degree,890136
Bachelor,890138
High School,890141
High School,890142
Master's Degree,890146
Bachelor,890147
Bachelor,890148
High School,890150
Bachelor,890153
Master's Degree,890155
Some College,890156
Master's Degree,890160
High School,890161
Bachelor,890163
Bachelor,890178
Bachelor,890180
Bachelor,890200
High School,890213
High School,890215
High School,890220
Some College,890240
High School,890242
Bachelor,890248
High School,890251
High School,890254
Bachelor,890257
Bachelor,890260
High School,890264
High School,890265
Master's Degree,890267
Associate's Degree,890273
High School,890275
Master's Degree,890276
Master's Degree,890279
Master's Degree,890288
Master's Degree,890292
High School,890293
High School,890299
High School,890300
High School,890302
Bachelor,890304
Bachelor,890306
Bachelor,890317
High School,890319
Bachelor,890323
Associate's Degree,890324
Bachelor,890326
Master's Degree,890329
High School,890333
Bachelor,890334
High School,890335
Bachelor,890338
High School,890342
Bachelor,890353
Master's Degree,890362
High School,890371
Some College,890378
Bachelor,890389
Master's Degree,890393
Bachelor,890398
Bachelor,890406
High School,890416
High School,890420
Bachelor,890428
High School,890440
Bachelor,890443
Master's Degree,890445
Master's Degree,890455
Bachelor,890459
High School,890461
Bachelor,890470
High School,890475
Master's Degree,890477
Master's Degree,890478
High School,890482
High School,890490
High School,890494
Some College,890497
Master's Degree,890514
High School,890516
High School,890520
High School,890529
Master's Degree,890533
Bachelor,890541
High School,890551
Bachelor,890565
High School,890570
High School,890571
Bachelor,890594
High School,890597
Bachelor,890603
Bachelor,890606
Some College,890621
Bachelor,890657
High School,890663
Some College,890671
High School,890684
Bachelor,890687
High School,890698
Bachelor,890706
Master's Degree,890707
High School,890708
High School,890717
Some College,890719
Bachelor,890727
Bachelor,890736
Bachelor,890737
Master's Degree,890741
High School,890743
Bachelor,890745
Bachelor,890758
High School,890769
Bachelor,890777
Bachelor,890783
Bachelor,890801
High School,890834
Associate's Degree,890841
Bachelor,890846
Bachelor,890870
High School,890871
Bachelor,890881
Trade School,890883
Master's Degree,890891
Master's Degree,890892
Bachelor,890896
Bachelor,890903
Bachelor,890911
Bachelor,890912
Bachelor,890918
Doctorate,890920
High School,890923
Bachelor,890930
High School,890940
Bachelor,890942
Bachelor,890951
High School,890975
Post-Doc,890984
Bachelor,890989
Bachelor,890999
High School,891017
High School,891018
Some College,891022
Some College,891024
Bachelor,891032
Master's Degree,891040
Doctorate,891055
Bachelor,891058
High School,891063
Master's Degree,891074
Bachelor,891088
High School,891103
Bachelor,891117
Bachelor,891126
High School,891134
Bachelor,891138
Bachelor,891175
High School,891185
High School,891225
Bachelor,891235
High School,891237
Bachelor,891256
High School,891260
Bachelor,891279
Master's Degree,891283
Master's Degree,891294
Bachelor,891296
High School,891304
Bachelor,891314
Bachelor,891321
Some College,891326
Bachelor,891333
Master's Degree,891335
Bachelor,891358
High School,891361
Bachelor,891369
Bachelor,891372
High School,891374
Bachelor,891376
High School,891378
Bachelor,891384
Bachelor,891385
Bachelor,891394
Bachelor,891396
High School,891397
High School,891402
Bachelor,891409
Bachelor,891410
Some College,891411
High School,891422
Bachelor,891425
High School,891426
High School,891430
Bachelor,891431
Bachelor,891433
Bachelor,891434
Bachelor,891435
Some College,891441
Post-Doc,891450
Master's Degree,891451
Bachelor,891454
Bachelor,891456
High School,891457
High School,891467
High School,891469
Bachelor,891471
Bachelor,891475
Bachelor,891480
High School,891481
High School,891483
High School,891484
High School,891487
Bachelor,891492
High School,891496
Master's Degree,891500
Bachelor,891501
High School,891511
Bachelor,891512
High School,891513
High School,891514
High School,891520
Bachelor,891522
Some College,891523
High School,891524
Bachelor,891526
Grade School,891532
Master's Degree,891537
Bachelor,891539
High School,891540
Bachelor,891545
Bachelor,891549
High School,891550
Bachelor,891551
Bachelor,891553
Some College,891559
High School,891564
High School,891565
High School,891573
High School,891576
Master's Degree,891580
Bachelor,891586
High School,891588
High School,891589
Bachelor,891594
Master's Degree,891599
Bachelor,891600
Some College,891604
Bachelor,891611
Master's Degree,891612
Bachelor,891615
High School,891616
Some College,891619
High School,891620
High School,891633
Associate's Degree,891634
Doctorate,891637
High School,891640
Bachelor,891644
Master's Degree,891645
Master's Degree,891652
High School,891654
Bachelor,891655
Master's Degree,891660
High School,891661
High School,891665
High School,891669
Master's Degree,891670
Master's Degree,891671
Bachelor,891673
Bachelor,891675
High School,891679
Bachelor,891684
High School,891685
Master's Degree,891693
High School,891696
Doctorate,891697
Associate's Degree,891703
Master's Degree,891709
High School,891710
Bachelor,891713
Bachelor,891714
Master's Degree,891718
Bachelor,891719
Master's Degree,891721
Bachelor,891724
Master's Degree,891731
Bachelor,891733
High School,891734
High School,891735
Master's Degree,891737
High School,891742
High School,891745
High School,891751
High School,891754
Bachelor,891756
Bachelor,891759
Master's Degree,891762
High School,891767
High School,891769
Some College,891773
Bachelor,891774
Master's Degree,891780
High School,891784
Doctorate,891788
Master's Degree,891792
Associate's Degree,891793
Bachelor,891796
Master's Degree,891800
Bachelor,891803
High School,891806
Bachelor,891809
Bachelor,891812
Some College,891814
High School,891815
Some College,891817
High School,891818
High School,891821
High School,891824
High School,891825
Master's Degree,891828
Doctorate,891829
Master's Degree,891836
High School,891841
High School,891848
Bachelor,891854
Master's Degree,891855
Some College,891857
Bachelor,891861
Bachelor,891866
Bachelor,891871
Bachelor,891873
High School,891877
High School,891878
High School,891883
Bachelor,891886
Bachelor,891887
Bachelor,891890
Master's Degree,891891
Bachelor,891893
High School,891902
Master's Degree,891903
High School,891907
Master's Degree,891909
High School,891910
Bachelor,891917
High School,891919
High School,891920
Bachelor,891923
High School,891924
Master's Degree,891925
Bachelor,891927
Bachelor,891929
Some College,891931
Master's Degree,891933
Some College,891935
Bachelor,891937
Bachelor,891939
Bachelor,891946
High School,891950
High School,891957
Master's Degree,891961
Bachelor,891962
Bachelor,891963
High School,891966
Master's Degree,891969
Master's Degree,891971
Master's Degree,891973
Bachelor,891974
Master's Degree,891978
High School,891979
Bachelor,891983
High School,891984
Master's Degree,891985
High School,891991
High School,891992
High School,892002
Bachelor,892005
Bachelor,892007
Associate's Degree,892008
Master's Degree,892010
Bachelor,892013
Bachelor,892016
Some College,892021
Master's Degree,892028
Master's Degree,892041
Some College,892045
High School,892052
Bachelor,892054
Bachelor,892060
Bachelor,892061
High School,892062
Some College,892067
Associate's Degree,892070
Grade School,892073
Bachelor,892075
Bachelor,892078
High School,892079
Master's Degree,892081
Bachelor,892084
Bachelor,892086
High School,892088
Doctorate,892089
Bachelor,892092
Some College,892097
Some College,892100
High School,892109
Bachelor,892110
Bachelor,892123
Some College,892126
Some College,892129
High School,892134
Post-Doc,892137
Bachelor,892138
High School,892150
Some College,892153
Master's Degree,892155
High School,892158
Bachelor,892159
High School,892161
High School,892166
Bachelor,892169
Master's Degree,892182
High School,892198
Bachelor,892203
Bachelor,892204
Some College,892209
Some College,892218
High School,892221
Master's Degree,892222
High School,892224
Master's Degree,892227
Bachelor,892249
Master's Degree,892251
Bachelor,892254
Bachelor,892256
Some College,892257
High School,892270
High School,892274
Associate's Degree,892276
Bachelor,892280
High School,892281
Bachelor,892284
High School,892294
High School,892298
Bachelor,892303
Master's Degree,892306
Bachelor,892311
Doctorate,892312
Bachelor,892314
Doctorate,892316
Bachelor,892318
Bachelor,892321
Bachelor,892325
High School,892328
Master's Degree,892330
Bachelor,892342
Master's Degree,892349
Bachelor,892352
Bachelor,892367
Bachelor,892369
Some College,892374
Bachelor,892380
High School,892381
High School,892383
Bachelor,892386
Grade School,892389
Master's Degree,892392
High School,892401
Bachelor,892402
Bachelor,892405
Bachelor,892421
Bachelor,892445
High School,892448
Bachelor,892450
Bachelor,892452
Bachelor,892453
Associate's Degree,892461
Post-Doc,892465
High School,892466
High School,892473
High School,892475
Master's Degree,892477
Bachelor,892480
Doctorate,892483
Bachelor,892486
Bachelor,892491
High School,892497
High School,892501
High School,892505
Bachelor,892507
Doctorate,892510
Master's Degree,892514
Doctorate,892530
High School,892531
Associate's Degree,892532
High School,892536
High School,892538
Bachelor,892542
High School,892543
High School,892545
Master's Degree,892559
Bachelor,892562
Doctorate,892565
Bachelor,892576
High School,892581
Bachelor,892587
Bachelor,892592
Some College,892593
High School,892617
Master's Degree,892628
Some College,892634
High School,892636
High School,892639
High School,892643
High School,892646
Bachelor,892649
Some College,892657
Bachelor,892666
Bachelor,892669
Master's Degree,892671
Some College,892682
Bachelor,892702
Post-Doc,892721
Bachelor,892734
Some College,892737
Some College,892741
Bachelor,892784
High School,892805
Bachelor,892807
Master's Degree,892824
High School,892840
Bachelor,892863
High School,892870
High School,892890
Bachelor,892909
Master's Degree,892912
Bachelor,892915
Doctorate,892921
Post-Doc,892922
High School,892927
High School,892978
Master's Degree,892979
Bachelor,892993
High School,893010
Bachelor,893014
Bachelor,893016
High School,893031
High School,893034
Bachelor,893037
Master's Degree,893050
Bachelor,893071
High School,893097
Doctorate,893104
Bachelor,893128
Bachelor,893132
High School,893140
High School,893187
Master's Degree,893199
Bachelor,893221
Master's Degree,893439
High School,893521
High School,893524
High School,893547
Master's Degree,893569
Doctorate,893591
High School,893594
High School,893697
Bachelor,893702
Bachelor,893709
Bachelor,893745
Bachelor,893794
High School,893812
High School,893827
Master's Degree,893831
High School,893935
Bachelor,894048
Master's Degree,894203
High School,894215
Bachelor,894247
Master's Degree,894603
Bachelor,895043
Bachelor,895103
High School,895188
High School,895240
Bachelor,895646
High School,895788
Bachelor,895949
High School,895970
Some College,896261
Post-Doc,896430
Master's Degree,896473
High School,896573
Bachelor,896948
Bachelor,897420
Some College,897636
Master's Degree,897923
High School,898014
Some College,898021
Bachelor,898682
Master's Degree,899007
Master's Degree,899035
Bachelor,899257
Some College,899304
Bachelor,899392
High School,899418
Bachelor,899513
High School,899575
Bachelor,899598
High School,899625
High School,899688
Bachelor,899690
Bachelor,899809
Master's Degree,899810
Bachelor,899833
Associate's Degree,899860
Bachelor,899873
Bachelor,899883
Associate's Degree,899904
Bachelor,899932
High School,899955
Master's Degree,900024
Master's Degree,900062
High School,900065
Bachelor,900094
Associate's Degree,900137
Master's Degree,900145
Master's Degree,900148
Bachelor,900157
Some College,900163
High School,900164
High School,900204
High School,900214
Master's Degree,900231
Master's Degree,900277
High School,900297
Bachelor,900306
Master's Degree,900309
Master's Degree,900339
High School,900371
Bachelor,900389
High School,900513
High School,900541
Some College,900558
Some College,900576
High School,900641
Master's Degree,900685
High School,900731
Bachelor,901032
High School,901197
Master's Degree,901572
Bachelor,901678
High School,901836
High School,901904
Bachelor,901961
Bachelor,902036
Bachelor,902050
Some College,902212
Master's Degree,902223
Bachelor,902290
Bachelor,902823
Bachelor,902997
Bachelor,903084
High School,903092
Some College,903166
Bachelor,903175
Bachelor,903193
High School,903197
Bachelor,903201
Grade School,903330
Bachelor,903408
Master's Degree,903500
Trade School,903583
High School,903584
Some College,903585
High School,903588
Bachelor,903597
Some College,903600
Bachelor,903604
Bachelor,903606
High School,903607
Bachelor,903609
High School,903613
Bachelor,903614
Bachelor,903616
High School,903618
Some College,903622
Master's Degree,903626
Some College,903629
Master's Degree,903634
Master's Degree,903636
High School,903642
High School,903646
Some College,903652
Master's Degree,903778
Master's Degree,903826
Bachelor,903828
Bachelor,903839
Bachelor,903851
Some College,903863
Post-Doc,903873
Bachelor,903909
Grade School,903911
High School,903919
Bachelor,903927
Bachelor,903930
High School,903931
Bachelor,903932
Master's Degree,903936
Bachelor,903941
Bachelor,903943
Some College,903948
Bachelor,903949
Bachelor,903950
Master's Degree,903951
Master's Degree,903955
Associate's Degree,903997
Master's Degree,904002
Grade School,904008
Bachelor,904012
High School,904015
Master's Degree,904027
Bachelor,904043
Some College,904045
Bachelor,904046
High School,904052
Some College,904073
Bachelor,904074
Some College,904076
High School,904083
Bachelor,904094
Bachelor,904096
Master's Degree,904099
Bachelor,904103
Master's Degree,904104
Bachelor,904112
Bachelor,904114
Some College,904121
Some College,904123
Master's Degree,904126
Bachelor,904128
Master's Degree,904139
Master's Degree,904143
Bachelor,904153
High School,904157
Bachelor,904161
Bachelor,904167
Associate's Degree,904202
Bachelor,904210
Bachelor,904215
Master's Degree,904225
High School,904234
Bachelor,904241
Bachelor,904251
Bachelor,904263
Bachelor,904271
Doctorate,904275
Some College,904283
Bachelor,904294
Master's Degree,904300
High School,904303
Doctorate,904309
Bachelor,904318
Bachelor,904319
High School,904321
High School,904323
Some College,904328
Associate's Degree,904339
Bachelor,904346
Trade School,904348
Bachelor,904368
High School,904374
High School,904375
Master's Degree,904377
Bachelor,904392
Bachelor,904394
High School,904399
Master's Degree,904406
High School,904409
High School,904462
Some College,904463
Some College,904469
Bachelor,904483
High School,904484
Some College,904502
Some College,904517
High School,904521
Bachelor,904527
Bachelor,904531
Bachelor,904533
High School,904543
Bachelor,904730
Bachelor,904817
Bachelor,904823
Bachelor,904908
Bachelor,904910
Bachelor,904984
Master's Degree,905047
Bachelor,905118
Master's Degree,905160
High School,905165
Bachelor,905166
Bachelor,905206
Some College,905210
Doctorate,905215
Bachelor,905257
Bachelor,905267
Bachelor,905291
Doctorate,905345
Bachelor,905366
Master's Degree,905457
Bachelor,905587
Bachelor,905634
High School,905681
High School,905802
Bachelor,905837
Bachelor,905871
High School,905935
Some College,905969
Master's Degree,906010
Bachelor,906016
High School,906032
Bachelor,906036
Bachelor,906038
High School,906040
Bachelor,906061
Some College,906071
Bachelor,906073
High School,906075
Bachelor,906077
High School,906079
Bachelor,906083
High School,906086
Bachelor,906087
Bachelor,906090
Bachelor,906100
Bachelor,906101
Associate's Degree,906104
High School,906105
High School,906107
High School,906109
Some College,906110
Bachelor,906111
Master's Degree,906118
Some College,906121
High School,906124
High School,906129
High School,906132
Some College,906136
Master's Degree,906137
High School,906141
Bachelor,906142
Bachelor,906147
Bachelor,906148
Bachelor,906149
Some College,906151
Bachelor,906159
Bachelor,906162
Master's Degree,906165
Bachelor,906166
High School,906174
Bachelor,906175
Bachelor,906176
High School,906178
Bachelor,906179
Doctorate,906181
Master's Degree,906182
High School,906185
Bachelor,906189
High School,906197
Master's Degree,906201
Bachelor,906208
Associate's Degree,906213
High School,906220
Bachelor,906221
Bachelor,906228
High School,906231
Bachelor,906232
High School,906251
Bachelor,906253
Bachelor,906271
Associate's Degree,906275
High School,906279
High School,906280
Bachelor,906287
High School,906290
Bachelor,906300
Bachelor,906328
Master's Degree,906332
Bachelor,906335
Bachelor,906343
High School,906355
High School,906361
High School,906374
Bachelor,906375
Some College,906388
High School,906398
High School,906403
Bachelor,906406
Bachelor,906420
Bachelor,906430
Bachelor,906432
Bachelor,906490
Doctorate,906493
High School,906494
Bachelor,906499
Bachelor,906512
Bachelor,906535
Some College,906563
High School,906573
High School,906616
Master's Degree,906712
Master's Degree,906758
Post-Doc,906768
Associate's Degree,906783
High School,906796
Master's Degree,906908
Bachelor,906941
High School,906948
High School,906977
Bachelor,907032
High School,907091
Bachelor,907403
Bachelor,907445
Some College,907552
High School,907560
Doctorate,907568
High School,907683
Master's Degree,907747
Bachelor,907815
Some College,907893
Bachelor,907904
Bachelor,908084
Master's Degree,908194
Some College,908351
Trade School,908397
Master's Degree,908848
High School,908968
High School,908989
Master's Degree,909068
Doctorate,909102
Bachelor,909302
High School,909559
Some College,909729
Bachelor,909885
Associate's Degree,909950
High School,910284
High School,910325
High School,910376
High School,910591
Bachelor,910777
High School,910914
High School,910983
Some College,911158
Bachelor,911366
High School,911657
High School,911749
High School,911756
Bachelor,911819
Bachelor,911950
High School,912013
Master's Degree,912250
High School,912259
Bachelor,912262
High School,912266
Master's Degree,912269
Master's Degree,912271
High School,912276
Bachelor,912278
Bachelor,912280
Master's Degree,912281
Master's Degree,912287
Some College,912289
Bachelor,912292
High School,912293
Bachelor,912296
Bachelor,912303
Bachelor,912305
Trade School,912306
Bachelor,912310
High School,912312
High School,912314
High School,912316
Bachelor,912317
Bachelor,912322
High School,912324
High School,912329
Bachelor,912331
High School,912332
High School,912334
High School,912337
Master's Degree,912341
Bachelor,912343
High School,912345
Bachelor,912346
Doctorate,912348
Doctorate,912351
Bachelor,912353
Bachelor,912354
Some College,912357
High School,912361
Bachelor,912370
Bachelor,912374
Grade School,912375
Doctorate,912378
High School,912382
High School,912383
Master's Degree,912384
Bachelor,912385
Bachelor,912388
High School,912390
High School,912393
Master's Degree,912394
High School,912396
High School,912398
High School,912399
Master's Degree,912400
Bachelor,912402
Bachelor,912405
High School,912406
Some College,912408
High School,912409
Some College,912411
Master's Degree,912412
Bachelor,912413
High School,912415
High School,912418
High School,912426
High School,912432
High School,912437
Some College,912438
Bachelor,912440
Master's Degree,912441
Master's Degree,912442
High School,912445
High School,912447
Some College,912448
Bachelor,912449
Master's Degree,912451
High School,912455
High School,912459
High School,912468
Bachelor,912469
Some College,912472
Bachelor,912473
High School,912478
Some College,912479
High School,912480
Master's Degree,912486
High School,912492
Master's Degree,912495
Master's Degree,912499
High School,912502
High School,912505
High School,912508
Bachelor,912512
High School,912514
High School,912515
High School,912517
High School,912518
Master's Degree,912519
High School,912527
Bachelor,912529
High School,912530
Some College,912535
Bachelor,912539
Some College,912548
Bachelor,912551
Doctorate,912552
Bachelor,912554
High School,912556
High School,912558
Bachelor,912560
Some College,912562
Associate's Degree,912568
High School,912570
High School,912571
Bachelor,912575
Bachelor,912576
Bachelor,912580
High School,912584
High School,912593
Bachelor,912594
High School,912596
Some College,912599
High School,912602
Bachelor,912603
Bachelor,912608
Some College,912614
Bachelor,912618
Bachelor,912622
High School,912624
Master's Degree,912625
Some College,912627
Bachelor,912630
Bachelor,912632
High School,912634
Master's Degree,912640
Some College,912641
High School,912644
Bachelor,912649
Bachelor,912650
High School,912651
Bachelor,912653
High School,912654
High School,912656
Bachelor,912658
High School,912659
High School,912664
High School,912671
Master's Degree,912677
Master's Degree,912680
Some College,912681
Grade School,912688
Trade School,912694
Master's Degree,912695
Bachelor,912698
High School,912701
High School,912702
High School,912704
Bachelor,912707
Master's Degree,912708
High School,912709
Bachelor,912710
Master's Degree,912713
Bachelor,912714
Bachelor,912717
Some College,912719
Doctorate,912727
Bachelor,912730
Bachelor,912732
Master's Degree,912734
Master's Degree,912738
Bachelor,912741
High School,912743
High School,912744
High School,912752
Bachelor,912754
Some College,912761
High School,912762
Master's Degree,912763
Bachelor,912766
Bachelor,912767
High School,912771
Bachelor,912773
High School,912779
High School,912781
High School,912791
Master's Degree,912812
High School,912819
High School,912836
Master's Degree,912855
Bachelor,912856
High School,912888
Bachelor,912895
Bachelor,912908
Master's Degree,912911
Master's Degree,912914
Bachelor,912921
Bachelor,912934
Bachelor,912938
Doctorate,912944
Bachelor,912953
Master's Degree,912964
High School,912966
High School,912969
Bachelor,912970
Master's Degree,912978
Bachelor,912983
Master's Degree,912984
High School,912985
Master's Degree,912990
High School,912998
Doctorate,912999
Associate's Degree,913008
High School,913012
Some College,913014
Bachelor,913020
Bachelor,913021
High School,913028
High School,913030
Bachelor,913031
Bachelor,913034
High School,913036
Master's Degree,913037
Master's Degree,913040
High School,913043
Master's Degree,913047
High School,913053
Bachelor,913058
High School,913060
High School,913068
Master's Degree,913069
Master's Degree,913078
Master's Degree,913079
High School,913081
Master's Degree,913082
High School,913087
High School,913095
High School,913097
High School,913101
Bachelor,913108
High School,913110
Grade School,913118
Bachelor,913119
Bachelor,913122
Bachelor,913126
Bachelor,913128
High School,913133
High School,913134
Some College,913137
High School,913139
Master's Degree,913147
High School,913149
Some College,913156
High School,913158
High School,913159
High School,913161
Master's Degree,913164
Master's Degree,913166
High School,913169
Master's Degree,913173
Bachelor,913179
Master's Degree,913183
Bachelor,913191
Master's Degree,913198
Some College,913201
Bachelor,913205
High School,913209
Bachelor,913211
High School,913212
Bachelor,913216
High School,913243
Bachelor,913251
Master's Degree,913265
High School,913278
Associate's Degree,913286
Some College,913287
Bachelor,913310
Some College,913314
Some College,913317
Master's Degree,913319
Master's Degree,913321
Post-Doc,913338
Some College,913342
Some College,913393
High School,913426
Some College,913427
Bachelor,913435
Bachelor,913449
Bachelor,913450
Some College,913453
Bachelor,913460
Bachelor,913467
Bachelor,913475
High School,913477
Bachelor,913480
Bachelor,913483
Bachelor,913486
Master's Degree,913491
Bachelor,913493
Master's Degree,913505
Bachelor,913515
Master's Degree,913516
High School,913525
Bachelor,913534
Bachelor,913535
Bachelor,913537
Bachelor,913539
Master's Degree,913547
High School,913555
High School,913566
Bachelor,913580
High School,913588
Bachelor,913590
Bachelor,913595
High School,913596
Associate's Degree,913600
Bachelor,913602
Some College,913609
Bachelor,913624
Master's Degree,913633
Bachelor,913751
Bachelor,913829
Some College,913830
Some College,913885
Doctorate,913908
High School,913979
Doctorate,914013
Some College,914020
Master's Degree,914049
Bachelor,914090
Bachelor,914162
High School,914250
Bachelor,914256
Bachelor,914260
Bachelor,914278
Bachelor,914283
Bachelor,914315
Master's Degree,914342
Doctorate,914352
Bachelor,914386
High School,914417
Bachelor,914420
High School,914422
Some College,914425
High School,914429
Bachelor,914440
Master's Degree,914447
Master's Degree,914476
Bachelor,914522
High School,914532
Bachelor,914554
Some College,914560
Bachelor,914586
High School,914620
Bachelor,914636
Bachelor,914652
Bachelor,914678
Master's Degree,914687
Doctorate,914706
Bachelor,914709
Bachelor,914743
High School,914753
Bachelor,914765
Doctorate,914770
High School,914816
Master's Degree,914835
Master's Degree,914839
Master's Degree,914864
High School,914895
High School,914913
High School,914924
Bachelor,914948
Master's Degree,915013
Bachelor,915017
High School,915023
Bachelor,915049
Trade School,915087
Bachelor,915107
High School,915122
Bachelor,915129
Some College,915141
Master's Degree,915150
High School,915170
Bachelor,915175
Master's Degree,915192
Some College,915206
Bachelor,915222
Bachelor,915240
High School,915270
Doctorate,915291
High School,915338
Bachelor,915362
Master's Degree,915414
High School,915418
Bachelor,915437
Bachelor,915454
Bachelor,915472
High School,915490
Master's Degree,915507
Master's Degree,915521
Master's Degree,915522
Bachelor,915539
High School,915545
Bachelor,915564
High School,915566
Bachelor,915586
Master's Degree,915607
Master's Degree,915610
Bachelor,915614
High School,915616
Bachelor,915625
High School,915660
High School,915668
Associate's Degree,915685
Bachelor,915704
Bachelor,915723
Master's Degree,915747
Bachelor,915750
Master's Degree,915755
Master's Degree,915758
Some College,915778
Some College,915810
Bachelor,915811
Some College,915812
Master's Degree,915832
High School,915834
Master's Degree,915841
Master's Degree,915847
High School,915851
Master's Degree,915861
Bachelor,915869
High School,915887
High School,915894
Bachelor,915897
Bachelor,915909
Master's Degree,915919
Bachelor,915938
Master's Degree,915958
Bachelor,915983
Bachelor,915994
High School,916025
Associate's Degree,916026
High School,916035
High School,916043
Bachelor,916065
High School,916066
Master's Degree,916069
High School,916072
Master's Degree,916076
Master's Degree,916080
Master's Degree,916091
Bachelor,916098
Master's Degree,916118
Bachelor,916133
Bachelor,916139
High School,916140
Bachelor,916159
Bachelor,916166
High School,916167
Bachelor,916176
Bachelor,916189
Master's Degree,916196
High School,916197
Bachelor,916198
Grade School,916208
Some College,916215
High School,916225
Bachelor,916237
Bachelor,916265
High School,916267
Master's Degree,916281
Grade School,916306
Master's Degree,916309
High School,916313
High School,916321
Some College,916326
Bachelor,916335
High School,916340
High School,916355
Master's Degree,916359
High School,916374
High School,916378
High School,916385
Bachelor,916389
High School,916399
High School,916406
Master's Degree,916439
Bachelor,916469
Some College,916483
Master's Degree,916500
Bachelor,916506
Bachelor,916514
Bachelor,916519
Bachelor,916534
Bachelor,916547
High School,916560
Post-Doc,916567
Master's Degree,916583
Bachelor,916584
Master's Degree,916603
Master's Degree,916624
Doctorate,916632
Bachelor,916646
Bachelor,916654
Bachelor,916658
Bachelor,916666
Bachelor,916676
High School,916681
High School,916683
Master's Degree,916705
Some College,916721
Master's Degree,916723
High School,916728
Master's Degree,916730
Some College,916735
Bachelor,916747
Bachelor,916757
Associate's Degree,916787
High School,916793
Bachelor,916794
Bachelor,916797
High School,916799
High School,916811
Master's Degree,916813
High School,916815
Master's Degree,916819
High School,916822
Bachelor,916823
Bachelor,916828
High School,916831
High School,916835
Some College,916838
High School,916843
Associate's Degree,916847
Bachelor,916861
Bachelor,916864
Associate's Degree,916866
High School,916867
High School,916875
Bachelor,916877
Bachelor,916885
High School,916887
Master's Degree,916889
Master's Degree,916894
Bachelor,916909
High School,916911
Bachelor,916926
Some College,916933
Doctorate,916939
Master's Degree,916941
Associate's Degree,916943
Master's Degree,916950
Some College,916975
Bachelor,916980
Bachelor,916984
High School,916992
Bachelor,916995
Master's Degree,916996
Bachelor,916997
Some College,917005
Bachelor,917006
Bachelor,917007
Some College,917012
Bachelor,917025
High School,917035
Bachelor,917037
Doctorate,917038
High School,917043
Some College,917052
Bachelor,917058
High School,917060
Bachelor,917063
Some College,917066
Master's Degree,917072
Bachelor,917073
Master's Degree,917076
High School,917079
Master's Degree,917083
Post-Doc,917085
High School,917090
Some College,917098
Associate's Degree,917100
Master's Degree,917107
Doctorate,917108
Bachelor,917109
High School,917115
Bachelor,917140
High School,917142
Grade School,917146
High School,917153
Bachelor,917155
Master's Degree,917167
High School,917169
Some College,917173
Associate's Degree,917175
Bachelor,917178
Master's Degree,917188
High School,917207
Bachelor,917211
Bachelor,917228
High School,917231
Bachelor,917246
Bachelor,917247
High School,917248
High School,917251
Master's Degree,917255
Bachelor,917257
High School,917260
High School,917264
Bachelor,917273
Master's Degree,917283
Master's Degree,917286
Master's Degree,917290
Doctorate,917296
High School,917297
Bachelor,917299
Bachelor,917300
Bachelor,917301
Doctorate,917311
Bachelor,917318
Master's Degree,917319
Bachelor,917321
Bachelor,917325
Bachelor,917327
High School,917329
High School,917343
High School,917344
Master's Degree,917346
Bachelor,917351
High School,917353
Bachelor,917354
Trade School,917356
High School,917357
Bachelor,917361
Bachelor,917363
Bachelor,917365
Bachelor,917370
High School,917372
High School,917373
High School,917385
Doctorate,917392
High School,917403
Master's Degree,917406
High School,917407
Bachelor,917411
Bachelor,917412
Master's Degree,917413
High School,917421
Bachelor,917427
High School,917432
High School,917435
High School,917436
High School,917441
Bachelor,917448
Master's Degree,917454
Master's Degree,917465
High School,917480
High School,917490
Master's Degree,917497
Bachelor,917506
Bachelor,917521
Some College,917528
High School,917533
High School,917542
Bachelor,917544
High School,917556
Master's Degree,917560
Bachelor,917564
High School,917566
High School,917573
Post-Doc,917574
Master's Degree,917586
Master's Degree,917594
Associate's Degree,917603
High School,917608
Master's Degree,917609
Some College,917610
Some College,917613
Bachelor,917617
High School,917623
Doctorate,917626
High School,917627
High School,917628
Bachelor,917632
Master's Degree,917635
Bachelor,917649
Bachelor,917650
Some College,917653
Bachelor,917654
Bachelor,917661
High School,917663
Bachelor,917667
High School,917671
High School,917674
Bachelor,917677
Doctorate,917684
Master's Degree,917693
High School,917698
Master's Degree,917699
Some College,917711
High School,917713
Bachelor,917714
High School,917722
High School,917731
Associate's Degree,917738
High School,917759
Master's Degree,917767
Bachelor,917772
Bachelor,917773
High School,917798
High School,917803
High School,917812
Master's Degree,917821
Master's Degree,917838
Some College,917843
Some College,917846
Bachelor,917849
Associate's Degree,917851
Master's Degree,917861
Master's Degree,917862
Some College,917875
High School,917877
Bachelor,917883
Some College,917886
Some College,917890
High School,917891
Bachelor,917898
Some College,917904
Bachelor,917915
High School,917920
Bachelor,917922
High School,917925
High School,917928
Bachelor,917933
High School,917948
Bachelor,917949
High School,917950
Bachelor,917954
Master's Degree,917958
Master's Degree,917962
Bachelor,917974
Associate's Degree,917984
High School,917996
Master's Degree,917997
High School,918004
Master's Degree,918011
Master's Degree,918025
Associate's Degree,918026
High School,918032
Bachelor,918034
Doctorate,918039
High School,918052
High School,918054
Master's Degree,918055
High School,918060
Some College,918077
High School,918080
Bachelor,918083
Master's Degree,918090
Master's Degree,918098
Master's Degree,918103
Some College,918109
Some College,918119
Master's Degree,918120
Bachelor,918152
Master's Degree,918155
Bachelor,918157
Bachelor,918161
High School,918169
Associate's Degree,918170
High School,918172
High School,918173
High School,918181
High School,918186
Associate's Degree,918192
High School,918196
High School,918201
Bachelor,918205
High School,918207
High School,918208
Bachelor,918217
Bachelor,918224
High School,918225
High School,918235
High School,918237
High School,918260
Bachelor,918272
Associate's Degree,918278
High School,918280
Bachelor,918282
High School,918283
High School,918286
Bachelor,918298
Master's Degree,918299
High School,918314
High School,918318
High School,918322
High School,918323
Master's Degree,918328
Master's Degree,918329
Doctorate,918338
Bachelor,918347
Bachelor,918350
High School,918358
High School,918367
High School,918368
Bachelor,918396
Associate's Degree,918398
Bachelor,918407
Master's Degree,918418
High School,918419
High School,918429
Master's Degree,918431
Master's Degree,918441
Master's Degree,918445
Some College,918451
Bachelor,918456
Master's Degree,918475
High School,918476
Master's Degree,918515
High School,918529
High School,918536
High School,918548
Doctorate,918556
Master's Degree,918597
Some College,918614
High School,918624
Bachelor,918626
Bachelor,918639
Some College,918657
High School,918690
High School,918694
High School,918703
Some College,918705
Associate's Degree,918710
High School,918730
Some College,918742
High School,918765
Bachelor,918769
Bachelor,918773
Some College,918775
Some College,918796
Bachelor,918801
High School,918810
High School,918818
Trade School,918823
Bachelor,918856
High School,918873
Bachelor,918906
Bachelor,918919
Master's Degree,918943
Bachelor,918999
Bachelor,919062
High School,919073
Some College,919076
High School,919210
High School,919262
High School,919349
High School,919350
High School,919369
High School,919704
Trade School,919792
High School,920108
Master's Degree,920182
Doctorate,920740
Bachelor,920779
Bachelor,921894
High School,922482
High School,922584
High School,923756
Some College,923761
Bachelor,923843
Master's Degree,924237
High School,924315
High School,924521
Master's Degree,924570
Bachelor,924737
Associate's Degree,924749
Bachelor,924965
Doctorate,925177
Master's Degree,925654
High School,925728
Master's Degree,925738
Master's Degree,925876
High School,926086
Master's Degree,926360
High School,927058
High School,927084
Associate's Degree,927147
Master's Degree,927197
Master's Degree,927390
High School,927818
