InternetConnection,CustomerID
Telmex,877687
Mega cable,877723
Mega cable,877757
Axtel,877792
Axtel,877840
Telmex,877988
Mega cable,878821
Mega cable,878822
Axtel,878842
Axtel,878855
Axtel,878871
Mega cable,878907
Telmex,878908
Mega cable,878912
Mega cable,878919
Axtel,878974
Mega cable,878977
Mega cable,878993
Axtel,879011
Axtel,879017
Mega cable,879020
Mega cable,879033
Axtel,879055
Other,879061
Axtel,879072
Telmex,879232
Telmex,879264
Axtel,879306
Axtel,879310
Mega cable,879403
Telmex,879453
Mega cable,879454
Izzi,879478
Telmex,879500
Mega cable,879535
Mega cable,879889
Telmex,879926
Telmex,881801
Mega cable,882315
Telmex,882316
Axtel,882319
Telmex,882320
Axtel,882321
Telmex,882324
Axtel,882325
Telmex,882326
Mega cable,882328
Axtel,882330
Axtel,882332
Telmex,882333
Telmex,882336
Mega cable,882337
Axtel,882340
Mega cable,882341
Mega cable,882342
Telmex,882343
Mega cable,882346
Axtel,882348
Mega cable,882350
Mega cable,882351
Axtel,882354
Telmex,882356
Mega cable,882357
Telmex,882358
Mega cable,882359
Axtel,882360
Mega cable,882364
Mega cable,882366
Mega cable,882367
Axtel,882368
Other,882371
Mega cable,882372
Mega cable,882375
Telmex,882376
Axtel,882377
Mega cable,882382
Mega cable,882383
Mega cable,882387
Telmex,882388
Telmex,882391
Mega cable,882392
Telmex,882393
Mega cable,882395
Mega cable,882397
Telmex,882398
Axtel,882402
Mega cable,882403
Axtel,882407
Mega cable,882409
Telmex,882410
Axtel,882413
Telmex,882414
Axtel,882415
Mega cable,882419
Axtel,882423
Axtel,882424
Mega cable,882425
Telmex,882426
Mega cable,882428
Axtel,882429
Axtel,882433
Mega cable,882434
Axtel,882435
Axtel,882437
Axtel,882439
Telmex,882440
Axtel,882442
Axtel,882444
Telmex,882446
Axtel,882449
Axtel,882451
Axtel,882452
Mega cable,882457
Telmex,882459
Mega cable,882462
Mega cable,882463
Telmex,882464
Mega cable,882465
Axtel,882467
Telmex,882469
Axtel,882471
Mega cable,882475
Axtel,882476
Axtel,882478
Mega cable,882479
Mega cable,882481
Mega cable,882482
Axtel,882483
Mega cable,882484
Axtel,882491
Mega cable,882494
Axtel,882497
Mega cable,882500
Telmex,882501
Axtel,882503
Izzi,882504
Mega cable,882506
Telmex,882507
Axtel,882508
Mega cable,882512
Telmex,882515
Telmex,882517
Mega cable,882518
Telmex,882521
Axtel,882522
Axtel,882523
Telmex,882527
Mega cable,882531
Axtel,882532
Axtel,882535
Mega cable,882537
Telmex,882543
Mega cable,882545
Axtel,882550
Axtel,882551
Telmex,882553
Axtel,882559
Mega cable,882560
Telmex,882563
Axtel,882564
Telmex,882565
Mega cable,882569
Mega cable,882573
Telmex,882574
Mega cable,882576
Telmex,882577
Telmex,882578
Mega cable,882581
Axtel,882583
Mega cable,882585
Telmex,882587
Mega cable,882590
Axtel,882591
Telmex,882593
Axtel,882594
Telmex,882597
Mega cable,882599
Telmex,882600
Axtel,882602
Telmex,882607
Mega cable,882608
Telmex,882609
Axtel,882612
Mega cable,882616
Mega cable,882621
Axtel,882622
Telmex,882623
Mega cable,882626
Axtel,882627
Mega cable,882628
Axtel,882631
Mega cable,882632
Mega cable,882636
Axtel,882638
Telmex,882639
Mega cable,882640
Axtel,882645
Mega cable,882648
Mega cable,882650
Mega cable,882652
Telmex,882656
Axtel,882658
Mega cable,882660
Mega cable,882666
Telmex,882667
Telmex,882674
Axtel,882677
Mega cable,882678
Mega cable,882683
Telmex,882684
Axtel,882685
Mega cable,882693
Mega cable,882694
Axtel,882699
Mega cable,882700
Mega cable,882701
Axtel,882705
Telmex,882709
Axtel,882713
Telmex,882715
Mega cable,882720
Mega cable,882721
Mega cable,882728
Axtel,882729
Axtel,882731
Telmex,882735
Axtel,882737
Telmex,882738
Axtel,882739
Mega cable,882741
Telmex,882745
Axtel,882747
Mega cable,882750
Telmex,882752
Telmex,882756
Telmex,882757
Axtel,882760
Mega cable,882763
Telmex,882766
Axtel,882768
Telmex,882769
Axtel,882772
Axtel,882775
Mega cable,882778
Telmex,882783
Mega cable,882784
Axtel,882787
Telmex,882793
Axtel,882796
Telmex,882799
Mega cable,882801
Mega cable,882804
Axtel,882807
Axtel,882808
Mega cable,882812
Telmex,882816
Telmex,882817
Telmex,882821
Axtel,882824
Telmex,882827
Telmex,882828
Axtel,882830
Mega cable,882837
Telmex,882844
Mega cable,882853
Mega cable,882856
Axtel,882859
Mega cable,882868
Telmex,882869
Axtel,882886
Axtel,882891
Mega cable,882896
Telmex,882902
Mega cable,882910
Telmex,882911
Axtel,882919
Axtel,882923
Axtel,882927
Mega cable,882932
Other,882934
Telmex,882936
Mega cable,882938
Mega cable,882941
Axtel,882942
Axtel,882945
Telmex,882951
Telmex,882955
Izzi,882957
Axtel,882959
Telmex,882961
Telmex,882962
Mega cable,882963
Axtel,882964
Izzi,882969
Mega cable,882971
Mega cable,882973
Mega cable,882975
Axtel,882977
Telmex,882984
Telmex,882987
Mega cable,882989
Telmex,882991
Mega cable,882994
Axtel,882999
Axtel,883011
Mega cable,883016
Axtel,883018
Axtel,883021
Axtel,883028
Mega cable,883035
Telmex,883043
Mega cable,883047
Axtel,883062
Telmex,883064
Mega cable,883072
Axtel,883077
Axtel,883079
Axtel,883085
Mega cable,883102
Izzi,883115
Axtel,883122
Mega cable,883127
Axtel,883161
Axtel,883169
Axtel,883175
Axtel,883247
Telmex,883334
Telmex,883364
Axtel,883388
Telmex,883405
Axtel,883418
Mega cable,883424
Axtel,883432
Axtel,883438
Axtel,883441
Axtel,883444
Axtel,883446
Mega cable,883449
Axtel,883450
Axtel,883455
Axtel,883457
Axtel,883459
Axtel,883463
Telmex,883467
Axtel,883476
Izzi,883483
Axtel,883486
Telmex,883494
Axtel,883498
Axtel,883507
Axtel,883513
Mega cable,883522
Axtel,883526
Axtel,883527
Axtel,883546
Telmex,883554
Axtel,883556
Axtel,883565
Other,883571
Mega cable,883573
Mega cable,883597
Telmex,883598
Axtel,883613
Mega cable,883619
Mega cable,883624
Mega cable,883631
Telmex,883632
Axtel,883665
Axtel,883670
Axtel,883696
Axtel,883716
Axtel,883724
Telmex,883730
Axtel,883736
Mega cable,883739
Mega cable,883753
Axtel,883768
Axtel,883773
Mega cable,883790
Mega cable,883808
Mega cable,883878
Axtel,883931
Mega cable,883950
Axtel,883956
Axtel,883979
Mega cable,884001
Mega cable,884080
Axtel,884112
Axtel,884199
Mega cable,884217
Mega cable,884225
Mega cable,884248
Axtel,884270
Mega cable,884303
Axtel,884339
Axtel,884357
Mega cable,884384
Mega cable,884423
Izzi,884596
Mega cable,884624
Telmex,884673
Axtel,884717
Telmex,884766
Telmex,884789
Axtel,884804
Mega cable,884848
Mega cable,884851
Telmex,884856
Mega cable,884859
Axtel,884860
Telmex,884862
Telmex,884867
Axtel,884870
Telmex,884872
Mega cable,884873
Axtel,884878
Telmex,884879
Axtel,884881
Mega cable,884887
Axtel,884892
Mega cable,884895
Mega cable,884897
Telmex,884899
Axtel,884908
Mega cable,884909
Mega cable,884912
Axtel,884913
Telmex,884914
Mega cable,884916
Mega cable,884919
Telmex,884920
Axtel,884921
Mega cable,884924
Axtel,884926
Mega cable,884931
Mega cable,884932
Axtel,884939
Telmex,884945
Axtel,884947
Axtel,884948
Mega cable,884949
Telmex,884951
Mega cable,884954
Mega cable,884955
Mega cable,884960
Mega cable,884961
Telmex,884964
Axtel,884965
Telmex,884970
Axtel,884971
Axtel,884976
Mega cable,884979
Axtel,884980
Izzi,884987
Axtel,884988
Mega cable,884989
Mega cable,884995
Mega cable,884997
Mega cable,884999
Telmex,885001
Axtel,885004
Telmex,885008
Mega cable,885017
Mega cable,885024
Axtel,885032
Telmex,885039
Mega cable,885041
Axtel,885044
Mega cable,885047
Telmex,885052
Mega cable,885056
Axtel,885063
Axtel,885072
Mega cable,885075
Telmex,885076
Axtel,885079
Telmex,885084
Axtel,885085
Telmex,885086
Mega cable,885097
Axtel,885103
Mega cable,885104
Axtel,885107
Mega cable,885126
Axtel,885129
Axtel,885149
Axtel,885152
Mega cable,885159
Mega cable,885163
Axtel,885168
Axtel,885199
Telmex,885210
Telmex,885220
Mega cable,885227
Telmex,885229
Axtel,885237
Mega cable,885260
Mega cable,885269
Telmex,885279
Mega cable,885282
Axtel,885292
Mega cable,885297
Telmex,885301
Mega cable,885314
Axtel,885316
Telmex,885321
Axtel,885341
Telmex,885344
Other,885350
Izzi,885360
Telmex,885362
Telmex,885365
Telmex,885373
Other,885379
Axtel,885383
Mega cable,885396
Mega cable,885416
Telmex,885449
Mega cable,885491
Axtel,885544
Telmex,885565
Telmex,885582
Mega cable,885638
Mega cable,885715
Axtel,885811
Axtel,885839
Axtel,885914
Axtel,886081
Telmex,886169
Axtel,886213
Mega cable,886308
Telmex,886445
Mega cable,886455
Mega cable,886888
Mega cable,886898
Axtel,886938
Axtel,886984
Axtel,886993
Mega cable,887015
Mega cable,887022
Axtel,887026
Mega cable,887086
Other,887298
Axtel,887309
Axtel,887325
Mega cable,887335
Axtel,887347
Telmex,887376
Axtel,887420
Mega cable,887509
Mega cable,887609
Axtel,887618
Mega cable,887658
Mega cable,887666
Mega cable,887871
Axtel,887894
Mega cable,887898
Telmex,887903
Telmex,887905
Axtel,887908
Axtel,887913
Telmex,887917
Mega cable,887920
Axtel,887924
Mega cable,887925
Axtel,887929
Other,887933
Telmex,887934
Mega cable,887936
Mega cable,887939
Telmex,887941
Axtel,887945
Mega cable,887946
Axtel,887947
Mega cable,887949
Telmex,887952
Axtel,887954
Telmex,887955
Telmex,887957
Mega cable,887962
Axtel,887963
Axtel,887966
Mega cable,887968
Telmex,887969
Telmex,887973
Axtel,887979
Mega cable,887982
Mega cable,887987
Telmex,887989
Telmex,887990
Axtel,887991
Mega cable,887992
Mega cable,887995
Axtel,887999
Axtel,888005
Axtel,888006
Telmex,888007
Axtel,888008
Axtel,888014
Axtel,888017
Mega cable,888018
Mega cable,888019
Mega cable,888020
Axtel,888021
Axtel,888025
Mega cable,888027
Mega cable,888028
Telmex,888029
Axtel,888031
Axtel,888032
Telmex,888033
Telmex,888038
Mega cable,888041
Telmex,888045
Mega cable,888049
Telmex,888050
Mega cable,888054
Telmex,888055
Mega cable,888057
Mega cable,888059
Mega cable,888060
Axtel,888061
Axtel,888064
Axtel,888067
Mega cable,888069
Telmex,888071
Telmex,888077
Mega cable,888078
Axtel,888079
Izzi,888080
Axtel,888083
Axtel,888084
Telmex,888085
Other,888086
Mega cable,888090
Mega cable,888091
Mega cable,888094
Axtel,888095
Telmex,888101
Axtel,888104
Telmex,888106
Telmex,888108
Mega cable,888110
Telmex,888112
Mega cable,888114
Mega cable,888115
Mega cable,888119
Axtel,888121
Axtel,888123
Telmex,888125
Telmex,888126
Axtel,888127
Mega cable,888130
Mega cable,888131
Mega cable,888133
Other,888137
Mega cable,888138
Mega cable,888139
Mega cable,888140
Telmex,888142
Mega cable,888144
Axtel,888146
Axtel,888148
Axtel,888149
Telmex,888153
Axtel,888154
Mega cable,888155
Mega cable,888156
Axtel,888157
Telmex,888158
Mega cable,888161
Mega cable,888165
Telmex,888170
Axtel,888172
Telmex,888175
Mega cable,888177
Axtel,888178
Axtel,888179
Axtel,888199
Mega cable,888211
Axtel,888213
Mega cable,888218
Axtel,888227
Mega cable,888228
Axtel,888265
Telmex,888268
Axtel,888278
Mega cable,888287
Mega cable,888297
Mega cable,888302
Axtel,888325
Mega cable,888341
Axtel,888342
Axtel,888344
Mega cable,888355
Mega cable,888358
Mega cable,888368
Mega cable,888371
Axtel,888378
Telmex,888386
Axtel,888388
Axtel,888389
Axtel,888399
Telmex,888418
Mega cable,888420
Axtel,888425
Axtel,888431
Axtel,888437
Izzi,888449
Axtel,888451
Mega cable,888455
Mega cable,888457
Mega cable,888466
Mega cable,888472
Mega cable,888474
Telmex,888493
Mega cable,888501
Axtel,888504
Mega cable,888510
Telmex,888513
Mega cable,888522
Axtel,888529
Mega cable,888533
Axtel,888535
Mega cable,888544
Telmex,888549
Mega cable,888551
Mega cable,888556
Axtel,888560
Axtel,888563
Axtel,888565
Mega cable,888567
Axtel,888568
Mega cable,888582
Mega cable,888589
Mega cable,888591
Axtel,888592
Telmex,888593
Telmex,888594
Axtel,888600
Telmex,888601
Axtel,888606
Mega cable,888608
Axtel,888613
Mega cable,888618
Telmex,888619
Axtel,888621
Telmex,888622
Mega cable,888630
Mega cable,888634
Mega cable,888637
Mega cable,888650
Axtel,888651
Axtel,888652
Mega cable,888655
Other,888660
Axtel,888663
Axtel,888665
Mega cable,888667
Axtel,888671
Mega cable,888673
Mega cable,888679
Mega cable,888681
Axtel,888684
Telmex,888686
Axtel,888695
Mega cable,888696
Mega cable,888698
Axtel,888699
Mega cable,888703
Telmex,888704
Axtel,888705
Telmex,888708
Axtel,888710
Mega cable,888712
Axtel,888713
Telmex,888722
Axtel,888723
Axtel,888727
Telmex,888730
Mega cable,888731
Axtel,888732
Axtel,888733
Axtel,888734
Axtel,888736
Telmex,888738
Telmex,888739
Mega cable,888743
Telmex,888749
Mega cable,888752
Mega cable,888753
Mega cable,888760
Telmex,888762
Axtel,888764
Mega cable,888767
Telmex,888769
Telmex,888773
Telmex,888777
Axtel,888778
Mega cable,888787
Telmex,888788
Axtel,888790
Axtel,888794
Axtel,888796
Mega cable,888799
Axtel,888807
Axtel,888808
Mega cable,888810
Mega cable,888811
Mega cable,888813
Telmex,888814
Telmex,888815
Mega cable,888821
Mega cable,888823
Mega cable,888827
Mega cable,888829
Axtel,888831
Telmex,888836
Mega cable,888838
Mega cable,888842
Mega cable,888844
Mega cable,888846
Telmex,888847
Mega cable,888848
Mega cable,888856
Mega cable,888857
Axtel,888863
Axtel,888864
Telmex,888865
Mega cable,888868
Mega cable,888871
Axtel,888872
Mega cable,888875
Axtel,888883
Mega cable,888884
Telmex,888890
Axtel,888891
Axtel,888895
Mega cable,888899
Mega cable,888902
Mega cable,888909
Telmex,888910
Axtel,888917
Mega cable,888920
Axtel,888922
Axtel,888924
Telmex,888927
Mega cable,888928
Mega cable,888931
Mega cable,888938
Mega cable,888940
Mega cable,888942
Mega cable,888944
Telmex,888945
Axtel,888946
Axtel,888947
Telmex,888951
Axtel,888956
Telmex,888960
Telmex,888961
Telmex,888967
Axtel,888973
Axtel,888976
Telmex,888978
Mega cable,888979
Mega cable,888980
Mega cable,888981
Other,888982
Telmex,888987
Axtel,888988
Mega cable,888991
Axtel,888997
Axtel,888998
Axtel,889002
Axtel,889005
Telmex,889006
Axtel,889007
Telmex,889008
Axtel,889010
Axtel,889014
Telmex,889022
Axtel,889024
Axtel,889025
Mega cable,889026
Telmex,889028
Axtel,889031
Axtel,889034
Telmex,889037
Mega cable,889038
Axtel,889040
Mega cable,889047
Axtel,889048
Axtel,889050
Mega cable,889051
Axtel,889052
Telmex,889062
Mega cable,889064
Axtel,889066
Axtel,889072
Axtel,889073
Axtel,889074
Mega cable,889075
Telmex,889077
Telmex,889078
Axtel,889088
Telmex,889090
Axtel,889094
Axtel,889095
Mega cable,889098
Mega cable,889100
Telmex,889109
Mega cable,889110
Mega cable,889113
Mega cable,889119
Mega cable,889122
Axtel,889123
Telmex,889126
Mega cable,889130
Mega cable,889132
Mega cable,889134
Mega cable,889135
Telmex,889139
Axtel,889144
Mega cable,889146
Axtel,889147
Axtel,889150
Axtel,889152
Telmex,889154
Axtel,889155
Telmex,889159
Mega cable,889161
Axtel,889162
Axtel,889164
Mega cable,889165
Axtel,889167
Mega cable,889170
Telmex,889173
Telmex,889174
Telmex,889175
Axtel,889178
Telmex,889179
Axtel,889182
Axtel,889186
Telmex,889188
Mega cable,889191
Mega cable,889195
Telmex,889197
Telmex,889202
Telmex,889205
Axtel,889207
Axtel,889210
Axtel,889212
Axtel,889215
Mega cable,889218
Axtel,889219
Mega cable,889220
Mega cable,889221
Mega cable,889223
Mega cable,889227
Mega cable,889228
Mega cable,889231
Mega cable,889233
Axtel,889236
Axtel,889237
Axtel,889238
Axtel,889241
Axtel,889243
Axtel,889245
Telmex,889250
Axtel,889251
Telmex,889254
Axtel,889256
Mega cable,889257
Axtel,889260
Mega cable,889261
Telmex,889262
Mega cable,889264
Mega cable,889267
Other,889268
Telmex,889270
Mega cable,889275
Axtel,889276
Mega cable,889277
Telmex,889280
Mega cable,889281
Mega cable,889282
Telmex,889283
Mega cable,889284
Mega cable,889285
Mega cable,889287
Mega cable,889291
Telmex,889292
Axtel,889297
Axtel,889299
Axtel,889304
Axtel,889306
Mega cable,889307
Axtel,889309
Mega cable,889310
Mega cable,889312
Mega cable,889317
Mega cable,889318
Axtel,889319
Mega cable,889328
Mega cable,889332
Mega cable,889334
Axtel,889337
Axtel,889339
Mega cable,889340
Mega cable,889345
Telmex,889346
Telmex,889347
Telmex,889349
Telmex,889350
Telmex,889358
Telmex,889361
Other,889374
Telmex,889376
Axtel,889378
Axtel,889379
Mega cable,889380
Mega cable,889381
Axtel,889385
Mega cable,889386
Mega cable,889387
Telmex,889390
Mega cable,889393
Telmex,889394
Mega cable,889396
Mega cable,889399
Telmex,889400
Telmex,889404
Mega cable,889405
Axtel,889407
Axtel,889409
Mega cable,889411
Mega cable,889413
Telmex,889414
Axtel,889417
Telmex,889423
Mega cable,889424
Mega cable,889426
Telmex,889429
Telmex,889430
Mega cable,889431
Telmex,889435
Telmex,889440
Mega cable,889441
Axtel,889443
Telmex,889452
Mega cable,889456
Mega cable,889463
Axtel,889465
Telmex,889468
Telmex,889471
Telmex,889477
Mega cable,889478
Axtel,889480
Mega cable,889481
Axtel,889483
Mega cable,889484
Mega cable,889487
Axtel,889494
Telmex,889496
Mega cable,889499
Axtel,889503
Axtel,889504
Mega cable,889508
Mega cable,889509
Axtel,889511
Mega cable,889512
Mega cable,889513
Axtel,889517
Mega cable,889519
Telmex,889525
Telmex,889533
Axtel,889534
Mega cable,889538
Mega cable,889544
Axtel,889555
Telmex,889556
Axtel,889557
Other,889563
Axtel,889566
Axtel,889569
Axtel,889570
Axtel,889575
Izzi,889576
Mega cable,889578
Axtel,889579
Mega cable,889584
Axtel,889585
Telmex,889586
Axtel,889588
Axtel,889589
Telmex,889592
Telmex,889595
Axtel,889597
Axtel,889598
Axtel,889600
Mega cable,889601
Mega cable,889603
Axtel,889611
Axtel,889613
Axtel,889614
Other,889620
Axtel,889622
Mega cable,889628
Telmex,889629
Telmex,889630
Axtel,889633
Mega cable,889637
Axtel,889641
Mega cable,889642
Axtel,889643
Axtel,889645
Mega cable,889657
Mega cable,889661
Axtel,889663
Mega cable,889664
Axtel,889666
Mega cable,889667
Mega cable,889670
Axtel,889671
Telmex,889674
Telmex,889675
Mega cable,889679
Mega cable,889680
Mega cable,889681
Axtel,889686
Mega cable,889687
Mega cable,889690
Mega cable,889691
Mega cable,889693
Axtel,889701
Axtel,889702
Mega cable,889704
Telmex,889705
Mega cable,889709
Telmex,889711
Telmex,889713
Axtel,889715
Mega cable,889717
Mega cable,889718
Mega cable,889719
Telmex,889720
Axtel,889721
Mega cable,889724
Axtel,889730
Axtel,889731
Mega cable,889732
Mega cable,889736
Axtel,889738
Mega cable,889739
Mega cable,889740
Mega cable,889742
Axtel,889743
Mega cable,889745
Mega cable,889749
Axtel,889752
Axtel,889753
Mega cable,889755
Axtel,889757
Mega cable,889759
Mega cable,889761
Axtel,889762
Axtel,889768
Telmex,889769
Axtel,889770
Axtel,889773
Axtel,889774
Izzi,889775
Axtel,889776
Mega cable,889777
Mega cable,889779
Axtel,889783
Axtel,889784
Mega cable,889785
Mega cable,889788
Axtel,889790
Telmex,889791
Axtel,889792
Axtel,889793
Axtel,889794
Telmex,889795
Mega cable,889797
Mega cable,889801
Other,889806
Axtel,889809
Axtel,889812
Mega cable,889813
Telmex,889815
Telmex,889816
Axtel,889817
Mega cable,889818
Mega cable,889821
Telmex,889822
Telmex,889823
Axtel,889826
Axtel,889827
Mega cable,889831
Mega cable,889832
Mega cable,889834
Telmex,889838
Telmex,889839
Mega cable,889842
Telmex,889843
Axtel,889844
Telmex,889847
Axtel,889848
Mega cable,889851
Axtel,889853
Axtel,889858
Mega cable,889859
Mega cable,889861
Telmex,889862
Axtel,889864
Mega cable,889866
Mega cable,889868
Mega cable,889869
Axtel,889871
Axtel,889872
Axtel,889877
Mega cable,889878
Mega cable,889880
Telmex,889882
Telmex,889883
Axtel,889885
Telmex,889886
Mega cable,889887
Mega cable,889892
Axtel,889893
Telmex,889894
Telmex,889895
Telmex,889896
Telmex,889897
Mega cable,889900
Telmex,889901
Mega cable,889903
Axtel,889905
Mega cable,889906
Mega cable,889911
Mega cable,889912
Mega cable,889915
Mega cable,889918
Mega cable,889920
Mega cable,889921
Axtel,889926
Axtel,889931
Axtel,889932
Axtel,889937
Mega cable,889938
Mega cable,889942
Telmex,889944
Axtel,889947
Axtel,889950
Mega cable,889952
Axtel,889956
Mega cable,889958
Telmex,889960
Telmex,889965
Axtel,889969
Mega cable,889973
Mega cable,889975
Mega cable,889977
Mega cable,889978
Mega cable,889981
Telmex,889982
Mega cable,889984
Axtel,889986
Mega cable,889987
Mega cable,889989
Mega cable,889991
Mega cable,889995
Axtel,889996
Mega cable,889997
Mega cable,890000
Telmex,890006
Mega cable,890012
Telmex,890013
Mega cable,890014
Axtel,890019
Axtel,890022
Mega cable,890023
Mega cable,890027
Mega cable,890028
Mega cable,890030
Telmex,890031
Mega cable,890034
Telmex,890036
Axtel,890040
Mega cable,890047
Telmex,890051
Telmex,890052
Axtel,890055
Mega cable,890056
Axtel,890057
Telmex,890059
Axtel,890061
Mega cable,890062
Mega cable,890065
Telmex,890067
Mega cable,890070
Axtel,890073
Mega cable,890074
Mega cable,890076
Telmex,890079
Telmex,890080
Axtel,890083
Axtel,890085
Mega cable,890086
Telmex,890089
Mega cable,890091
Mega cable,890092
Mega cable,890093
Axtel,890094
Mega cable,890096
Mega cable,890098
Mega cable,890099
Izzi,890100
Mega cable,890102
Mega cable,890104
Mega cable,890105
Mega cable,890107
Axtel,890111
Telmex,890114
Axtel,890115
Telmex,890119
Axtel,890122
Mega cable,890124
Mega cable,890125
Telmex,890127
Axtel,890131
Mega cable,890133
Telmex,890134
Axtel,890136
Mega cable,890138
Telmex,890141
Axtel,890142
Izzi,890146
Mega cable,890147
Telmex,890148
Telmex,890150
Axtel,890153
Telmex,890155
Axtel,890156
Telmex,890160
Mega cable,890161
Axtel,890163
Axtel,890178
Axtel,890180
Mega cable,890200
Mega cable,890213
Telmex,890215
Telmex,890220
Other,890240
Telmex,890242
Telmex,890248
Other,890251
Axtel,890254
Mega cable,890257
Mega cable,890260
Axtel,890264
Axtel,890265
Axtel,890267
Axtel,890273
Telmex,890275
Axtel,890276
Telmex,890279
Axtel,890288
Axtel,890292
Telmex,890293
Mega cable,890299
Axtel,890300
Mega cable,890302
Axtel,890304
Axtel,890306
Axtel,890317
Mega cable,890319
Mega cable,890323
Axtel,890324
Mega cable,890326
Izzi,890329
Telmex,890333
Telmex,890334
Mega cable,890335
Mega cable,890338
Axtel,890342
Mega cable,890353
Telmex,890362
Other,890371
Axtel,890378
Mega cable,890389
Axtel,890393
Telmex,890398
Axtel,890406
Axtel,890416
Axtel,890420
Telmex,890428
Mega cable,890440
Telmex,890443
Axtel,890445
Telmex,890455
Axtel,890459
Mega cable,890461
Axtel,890470
Mega cable,890475
Telmex,890477
Telmex,890478
Telmex,890482
Telmex,890490
Mega cable,890494
Mega cable,890497
Axtel,890514
Telmex,890516
Mega cable,890520
Mega cable,890529
Mega cable,890533
Axtel,890541
Mega cable,890551
Mega cable,890565
Mega cable,890570
Axtel,890571
Mega cable,890594
Izzi,890597
Izzi,890603
Other,890606
Axtel,890621
Mega cable,890657
Mega cable,890663
Mega cable,890671
Telmex,890684
Telmex,890687
Mega cable,890698
Axtel,890706
Mega cable,890707
Telmex,890708
Telmex,890717
Axtel,890719
Axtel,890727
Telmex,890736
Axtel,890737
Telmex,890741
Mega cable,890743
Axtel,890745
Axtel,890758
Telmex,890769
Mega cable,890777
Izzi,890783
Izzi,890801
Mega cable,890834
Telmex,890841
Axtel,890846
Mega cable,890870
Mega cable,890871
Mega cable,890881
Mega cable,890883
Telmex,890891
Mega cable,890892
Mega cable,890896
Mega cable,890903
Axtel,890911
Axtel,890912
Telmex,890918
Axtel,890920
Mega cable,890923
Telmex,890930
Telmex,890940
Axtel,890942
Telmex,890951
Mega cable,890975
Telmex,890984
Telmex,890989
Axtel,890999
Mega cable,891017
Axtel,891018
Axtel,891022
Mega cable,891024
Telmex,891032
Axtel,891040
Axtel,891055
Axtel,891058
Mega cable,891063
Axtel,891074
Mega cable,891088
Telmex,891103
Mega cable,891117
Mega cable,891126
Mega cable,891134
Mega cable,891138
Axtel,891175
Mega cable,891185
Mega cable,891225
Axtel,891235
Axtel,891237
Axtel,891256
Mega cable,891260
Mega cable,891279
Axtel,891283
Axtel,891294
Telmex,891296
Axtel,891304
Telmex,891314
Axtel,891321
Telmex,891326
Telmex,891333
Mega cable,891335
Mega cable,891358
Telmex,891361
Axtel,891369
Axtel,891372
Mega cable,891374
Axtel,891376
Axtel,891378
Axtel,891384
Mega cable,891385
Telmex,891394
Mega cable,891396
Axtel,891397
Telmex,891402
Telmex,891409
Axtel,891410
Mega cable,891411
Mega cable,891422
Mega cable,891425
Mega cable,891426
Telmex,891430
Axtel,891431
Telmex,891433
Axtel,891434
Axtel,891435
Mega cable,891441
Mega cable,891450
Axtel,891451
Telmex,891454
Mega cable,891456
Axtel,891457
Telmex,891467
Axtel,891469
Mega cable,891471
Mega cable,891475
Axtel,891480
Axtel,891481
Telmex,891483
Axtel,891484
Axtel,891487
Mega cable,891492
Telmex,891496
Axtel,891500
Axtel,891501
Axtel,891511
Telmex,891512
Telmex,891513
Mega cable,891514
Axtel,891520
Telmex,891522
Mega cable,891523
Telmex,891524
Axtel,891526
Telmex,891532
Axtel,891537
Axtel,891539
Axtel,891540
Mega cable,891545
Telmex,891549
Telmex,891550
Mega cable,891551
Axtel,891553
Telmex,891559
Axtel,891564
Mega cable,891565
Axtel,891573
Telmex,891576
Axtel,891580
Mega cable,891586
Telmex,891588
Telmex,891589
Telmex,891594
Axtel,891599
Axtel,891600
Telmex,891604
Mega cable,891611
Telmex,891612
Telmex,891615
Telmex,891616
Mega cable,891619
Mega cable,891620
Mega cable,891633
Mega cable,891634
Izzi,891637
Telmex,891640
Axtel,891644
Mega cable,891645
Axtel,891652
Mega cable,891654
Mega cable,891655
Axtel,891660
Axtel,891661
Mega cable,891665
Mega cable,891669
Telmex,891670
Telmex,891671
Axtel,891673
Other,891675
Axtel,891679
Telmex,891684
Mega cable,891685
Axtel,891693
Telmex,891696
Axtel,891697
Telmex,891703
Axtel,891709
Mega cable,891710
Mega cable,891713
Telmex,891714
Telmex,891718
Mega cable,891719
Axtel,891721
Axtel,891724
Mega cable,891731
Axtel,891733
Mega cable,891734
Izzi,891735
Telmex,891737
Mega cable,891742
Mega cable,891745
Telmex,891751
Telmex,891754
Mega cable,891756
Axtel,891759
Mega cable,891762
Mega cable,891767
Telmex,891769
Axtel,891773
Telmex,891774
Axtel,891780
Mega cable,891784
Mega cable,891788
Telmex,891792
Axtel,891793
Axtel,891796
Axtel,891800
Telmex,891803
Telmex,891806
Telmex,891809
Mega cable,891812
Axtel,891814
Telmex,891815
Mega cable,891817
Mega cable,891818
Mega cable,891821
Telmex,891824
Telmex,891825
Mega cable,891828
Mega cable,891829
Axtel,891836
Mega cable,891841
Axtel,891848
Telmex,891854
Mega cable,891855
Mega cable,891857
Axtel,891861
Telmex,891866
Axtel,891871
Axtel,891873
Axtel,891877
Telmex,891878
Mega cable,891883
Axtel,891886
Mega cable,891887
Axtel,891890
Other,891891
Axtel,891893
Mega cable,891902
Mega cable,891903
Axtel,891907
Mega cable,891909
Mega cable,891910
Axtel,891917
Mega cable,891919
Mega cable,891920
Mega cable,891923
Axtel,891924
Axtel,891925
Axtel,891927
Telmex,891929
Axtel,891931
Axtel,891933
Mega cable,891935
Mega cable,891937
Mega cable,891939
Mega cable,891946
Mega cable,891950
Axtel,891957
Mega cable,891961
Mega cable,891962
Telmex,891963
Mega cable,891966
Mega cable,891969
Axtel,891971
Telmex,891973
Telmex,891974
Telmex,891978
Axtel,891979
Mega cable,891983
Telmex,891984
Axtel,891985
Axtel,891991
Mega cable,891992
Telmex,892002
Axtel,892005
Axtel,892007
Telmex,892008
Mega cable,892010
Telmex,892013
Axtel,892016
Mega cable,892021
Axtel,892028
Other,892041
Axtel,892045
Telmex,892052
Axtel,892054
Axtel,892060
Telmex,892061
Telmex,892062
Telmex,892067
Telmex,892070
Axtel,892073
Axtel,892075
Mega cable,892078
Axtel,892079
Axtel,892081
Mega cable,892084
Mega cable,892086
Mega cable,892088
Telmex,892089
Other,892092
Mega cable,892097
Telmex,892100
Axtel,892109
Axtel,892110
Telmex,892123
Telmex,892126
Axtel,892129
Mega cable,892134
Mega cable,892137
Axtel,892138
Axtel,892150
Other,892153
Mega cable,892155
Mega cable,892158
Axtel,892159
Axtel,892161
Mega cable,892166
Mega cable,892169
Axtel,892182
Mega cable,892198
Axtel,892203
Mega cable,892204
Telmex,892209
Mega cable,892218
Telmex,892221
Telmex,892222
Mega cable,892224
Mega cable,892227
Mega cable,892249
Mega cable,892251
Mega cable,892254
Mega cable,892256
Axtel,892257
Axtel,892270
Telmex,892274
Telmex,892276
Telmex,892280
Mega cable,892281
Telmex,892284
Mega cable,892294
Mega cable,892298
Mega cable,892303
Axtel,892306
Axtel,892311
Mega cable,892312
Mega cable,892314
Mega cable,892316
Mega cable,892318
Telmex,892321
Mega cable,892325
Mega cable,892328
Telmex,892330
Telmex,892342
Mega cable,892349
Mega cable,892352
Axtel,892367
Telmex,892369
Axtel,892374
Mega cable,892380
Telmex,892381
Mega cable,892383
Mega cable,892386
Mega cable,892389
Mega cable,892392
Mega cable,892401
Mega cable,892402
Axtel,892405
Axtel,892421
Mega cable,892445
Axtel,892448
Axtel,892450
Other,892452
Telmex,892453
Other,892461
Mega cable,892465
Mega cable,892466
Axtel,892473
Axtel,892475
Telmex,892477
Axtel,892480
Axtel,892483
Telmex,892486
Axtel,892491
Axtel,892497
Telmex,892501
Axtel,892505
Mega cable,892507
Mega cable,892510
Telmex,892514
Telmex,892530
Telmex,892531
Other,892532
Telmex,892536
Mega cable,892538
Telmex,892542
Telmex,892543
Telmex,892545
Telmex,892559
Axtel,892562
Mega cable,892565
Axtel,892576
Telmex,892581
Axtel,892587
Mega cable,892592
Mega cable,892593
Telmex,892617
Telmex,892628
Axtel,892634
Telmex,892636
Mega cable,892639
Mega cable,892643
Telmex,892646
Axtel,892649
Axtel,892657
Telmex,892666
Mega cable,892669
Mega cable,892671
Telmex,892682
Mega cable,892702
Mega cable,892721
Axtel,892734
Mega cable,892737
Telmex,892741
Mega cable,892784
Axtel,892805
Telmex,892807
Axtel,892824
Axtel,892840
Telmex,892863
Telmex,892870
Telmex,892890
Mega cable,892909
Mega cable,892912
Axtel,892915
Axtel,892921
Telmex,892922
Mega cable,892927
Axtel,892978
Axtel,892979
Mega cable,892993
Telmex,893010
Axtel,893014
Mega cable,893016
Axtel,893031
Axtel,893034
Telmex,893037
Axtel,893050
Axtel,893071
Mega cable,893097
Mega cable,893104
Axtel,893128
Axtel,893132
Axtel,893140
Telmex,893187
Telmex,893199
Axtel,893221
Axtel,893439
Telmex,893521
Axtel,893524
Telmex,893547
Mega cable,893569
Axtel,893591
Mega cable,893594
Mega cable,893697
Telmex,893702
Mega cable,893709
Mega cable,893745
Axtel,893794
Mega cable,893812
Axtel,893827
Telmex,893831
Mega cable,893935
Axtel,894048
Mega cable,894203
Axtel,894215
Axtel,894247
Mega cable,894603
Mega cable,895043
Axtel,895103
Axtel,895188
Axtel,895240
Mega cable,895646
Mega cable,895788
Mega cable,895949
Mega cable,895970
Mega cable,896261
Mega cable,896430
Axtel,896473
Telmex,896573
Telmex,896948
Telmex,897420
Mega cable,897636
Mega cable,897923
Telmex,898014
Mega cable,898021
Mega cable,898682
Axtel,899007
Mega cable,899035
Axtel,899257
Mega cable,899304
Mega cable,899392
Telmex,899418
Axtel,899513
Axtel,899575
Mega cable,899598
Mega cable,899625
Mega cable,899688
Axtel,899690
Telmex,899809
Mega cable,899810
Axtel,899833
Axtel,899860
Mega cable,899873
Telmex,899883
Mega cable,899904
Mega cable,899932
Axtel,899955
Axtel,900024
Telmex,900062
Mega cable,900065
Telmex,900094
Telmex,900137
Telmex,900145
Mega cable,900148
Mega cable,900157
Mega cable,900163
Mega cable,900164
Axtel,900204
Telmex,900214
Axtel,900231
Axtel,900277
Telmex,900297
Telmex,900306
Telmex,900309
Telmex,900339
Axtel,900371
Mega cable,900389
Mega cable,900513
Telmex,900541
Other,900558
Axtel,900576
Axtel,900641
Mega cable,900685
Mega cable,900731
Mega cable,901032
Axtel,901197
Mega cable,901572
Axtel,901678
Mega cable,901836
Axtel,901904
Axtel,901961
Axtel,902036
Axtel,902050
Axtel,902212
Telmex,902223
Mega cable,902290
Axtel,902823
Mega cable,902997
Axtel,903084
Axtel,903092
Telmex,903166
Mega cable,903175
Axtel,903193
Axtel,903197
Axtel,903201
Telmex,903330
Mega cable,903408
Mega cable,903500
Telmex,903583
Telmex,903584
Mega cable,903585
Mega cable,903588
Telmex,903597
Telmex,903600
Telmex,903604
Mega cable,903606
Telmex,903607
Mega cable,903609
Telmex,903613
Telmex,903614
Telmex,903616
Axtel,903618
Mega cable,903622
Axtel,903626
Axtel,903629
Axtel,903634
Axtel,903636
Axtel,903642
Mega cable,903646
Axtel,903652
Other,903778
Axtel,903826
Telmex,903828
Mega cable,903839
Telmex,903851
Axtel,903863
Izzi,903873
Telmex,903909
Axtel,903911
Axtel,903919
Telmex,903927
Telmex,903930
Axtel,903931
Axtel,903932
Axtel,903936
Axtel,903941
Mega cable,903943
Telmex,903948
Mega cable,903949
Telmex,903950
Telmex,903951
Axtel,903955
Telmex,903997
Axtel,904002
Other,904008
Axtel,904012
Mega cable,904015
Axtel,904027
Axtel,904043
Izzi,904045
Mega cable,904046
Telmex,904052
Telmex,904073
Axtel,904074
Telmex,904076
Mega cable,904083
Telmex,904094
Axtel,904096
Telmex,904099
Axtel,904103
Axtel,904104
Axtel,904112
Telmex,904114
Mega cable,904121
Axtel,904123
Telmex,904126
Mega cable,904128
Telmex,904139
Other,904143
Telmex,904153
Telmex,904157
Mega cable,904161
Mega cable,904167
Mega cable,904202
Telmex,904210
Mega cable,904215
Mega cable,904225
Mega cable,904234
Telmex,904241
Mega cable,904251
Mega cable,904263
Axtel,904271
Axtel,904275
Mega cable,904283
Mega cable,904294
Axtel,904300
Mega cable,904303
Telmex,904309
Axtel,904318
Axtel,904319
Mega cable,904321
Mega cable,904323
Axtel,904328
Telmex,904339
Axtel,904346
Mega cable,904348
Axtel,904368
Telmex,904374
Axtel,904375
Mega cable,904377
Mega cable,904392
Mega cable,904394
Mega cable,904399
Axtel,904406
Telmex,904409
Axtel,904462
Mega cable,904463
Mega cable,904469
Axtel,904483
Telmex,904484
Axtel,904502
Mega cable,904517
Axtel,904521
Mega cable,904527
Mega cable,904531
Other,904533
Telmex,904543
Mega cable,904730
Telmex,904817
Telmex,904823
Axtel,904908
Axtel,904910
Mega cable,904984
Telmex,905047
Telmex,905118
Axtel,905160
Axtel,905165
Axtel,905166
Mega cable,905206
Axtel,905210
Telmex,905215
Axtel,905257
Mega cable,905267
Axtel,905291
Mega cable,905345
Axtel,905366
Mega cable,905457
Axtel,905587
Axtel,905634
Mega cable,905681
Mega cable,905802
Telmex,905837
Telmex,905871
Mega cable,905935
Mega cable,905969
Izzi,906010
Mega cable,906016
Telmex,906032
Telmex,906036
Mega cable,906038
Telmex,906040
Axtel,906061
Axtel,906071
Telmex,906073
Telmex,906075
Telmex,906077
Mega cable,906079
Telmex,906083
Axtel,906086
Axtel,906087
Telmex,906090
Mega cable,906100
Telmex,906101
Telmex,906104
Telmex,906105
Mega cable,906107
Telmex,906109
Mega cable,906110
Telmex,906111
Telmex,906118
Axtel,906121
Telmex,906124
Axtel,906129
Telmex,906132
Mega cable,906136
Telmex,906137
Telmex,906141
Mega cable,906142
Axtel,906147
Axtel,906148
Mega cable,906149
Axtel,906151
Axtel,906159
Axtel,906162
Telmex,906165
Axtel,906166
Telmex,906174
Telmex,906175
Telmex,906176
Telmex,906178
Telmex,906179
Mega cable,906181
Mega cable,906182
Axtel,906185
Axtel,906189
Axtel,906197
Mega cable,906201
Mega cable,906208
Telmex,906213
Axtel,906220
Mega cable,906221
Axtel,906228
Telmex,906231
Telmex,906232
Axtel,906251
Axtel,906253
Mega cable,906271
Mega cable,906275
Mega cable,906279
Telmex,906280
Mega cable,906287
Axtel,906290
Mega cable,906300
Mega cable,906328
Telmex,906332
Telmex,906335
Telmex,906343
Mega cable,906355
Telmex,906361
Mega cable,906374
Mega cable,906375
Mega cable,906388
Mega cable,906398
Mega cable,906403
Mega cable,906406
Telmex,906420
Axtel,906430
Telmex,906432
Mega cable,906490
Mega cable,906493
Telmex,906494
Axtel,906499
Axtel,906512
Axtel,906535
Axtel,906563
Axtel,906573
Axtel,906616
Axtel,906712
Telmex,906758
Mega cable,906768
Mega cable,906783
Mega cable,906796
Mega cable,906908
Telmex,906941
Mega cable,906948
Axtel,906977
Axtel,907032
Telmex,907091
Mega cable,907403
Axtel,907445
Mega cable,907552
Axtel,907560
Mega cable,907568
Axtel,907683
Axtel,907747
Axtel,907815
Mega cable,907893
Mega cable,907904
Mega cable,908084
Mega cable,908194
Mega cable,908351
Telmex,908397
Telmex,908848
Telmex,908968
Telmex,908989
Axtel,909068
Axtel,909102
Telmex,909302
Axtel,909559
Axtel,909729
Mega cable,909885
Axtel,909950
Telmex,910284
Axtel,910325
Mega cable,910376
Other,910591
Axtel,910777
Telmex,910914
Telmex,910983
Axtel,911158
Mega cable,911366
Telmex,911657
Mega cable,911749
Izzi,911756
Axtel,911819
Axtel,911950
Mega cable,912013
Telmex,912250
Mega cable,912259
Mega cable,912262
Mega cable,912266
Mega cable,912269
Axtel,912271
Mega cable,912276
Axtel,912278
Mega cable,912280
Axtel,912281
Axtel,912287
Mega cable,912289
Telmex,912292
Telmex,912293
Mega cable,912296
Mega cable,912303
Mega cable,912305
Mega cable,912306
Mega cable,912310
Axtel,912312
Axtel,912314
Axtel,912316
Axtel,912317
Axtel,912322
Axtel,912324
Axtel,912329
Telmex,912331
Telmex,912332
Axtel,912334
Mega cable,912337
Telmex,912341
Axtel,912343
Mega cable,912345
Axtel,912346
Axtel,912348
Axtel,912351
Mega cable,912353
Axtel,912354
Mega cable,912357
Telmex,912361
Mega cable,912370
Axtel,912374
Telmex,912375
Axtel,912378
Mega cable,912382
Telmex,912383
Mega cable,912384
Axtel,912385
Mega cable,912388
Telmex,912390
Axtel,912393
Mega cable,912394
Mega cable,912396
Axtel,912398
Axtel,912399
Mega cable,912400
Telmex,912402
Axtel,912405
Mega cable,912406
Axtel,912408
Mega cable,912409
Axtel,912411
Axtel,912412
Mega cable,912413
Telmex,912415
Axtel,912418
Telmex,912426
Axtel,912432
Axtel,912437
Axtel,912438
Mega cable,912440
Mega cable,912441
Telmex,912442
Mega cable,912445
Axtel,912447
Telmex,912448
Mega cable,912449
Axtel,912451
Telmex,912455
Telmex,912459
Telmex,912468
Axtel,912469
Axtel,912472
Axtel,912473
Mega cable,912478
Mega cable,912479
Telmex,912480
Mega cable,912486
Axtel,912492
Telmex,912495
Axtel,912499
Axtel,912502
Axtel,912505
Telmex,912508
Axtel,912512
Mega cable,912514
Axtel,912515
Axtel,912517
Axtel,912518
Axtel,912519
Telmex,912527
Axtel,912529
Telmex,912530
Axtel,912535
Telmex,912539
Mega cable,912548
Axtel,912551
Mega cable,912552
Mega cable,912554
Mega cable,912556
Telmex,912558
Axtel,912560
Mega cable,912562
Axtel,912568
Axtel,912570
Axtel,912571
Other,912575
Mega cable,912576
Axtel,912580
Mega cable,912584
Telmex,912593
Axtel,912594
Axtel,912596
Axtel,912599
Mega cable,912602
Telmex,912603
Telmex,912608
Mega cable,912614
Telmex,912618
Axtel,912622
Axtel,912624
Izzi,912625
Axtel,912627
Axtel,912630
Telmex,912632
Mega cable,912634
Telmex,912640
Axtel,912641
Mega cable,912644
Mega cable,912649
Mega cable,912650
Telmex,912651
Axtel,912653
Axtel,912654
Axtel,912656
Telmex,912658
Axtel,912659
Axtel,912664
Mega cable,912671
Axtel,912677
Axtel,912680
Axtel,912681
Telmex,912688
Axtel,912694
Mega cable,912695
Mega cable,912698
Mega cable,912701
Axtel,912702
Telmex,912704
Axtel,912707
Telmex,912708
Telmex,912709
Telmex,912710
Telmex,912713
Axtel,912714
Mega cable,912717
Telmex,912719
Axtel,912727
Axtel,912730
Mega cable,912732
Mega cable,912734
Telmex,912738
Mega cable,912741
Axtel,912743
Mega cable,912744
Telmex,912752
Telmex,912754
Axtel,912761
Axtel,912762
Telmex,912763
Axtel,912766
Telmex,912767
Axtel,912771
Axtel,912773
Mega cable,912779
Axtel,912781
Axtel,912791
Mega cable,912812
Axtel,912819
Mega cable,912836
Axtel,912855
Mega cable,912856
Mega cable,912888
Telmex,912895
Telmex,912908
Axtel,912911
Axtel,912914
Mega cable,912921
Mega cable,912934
Axtel,912938
Telmex,912944
Mega cable,912953
Axtel,912964
Axtel,912966
Mega cable,912969
Telmex,912970
Mega cable,912978
Mega cable,912983
Mega cable,912984
Mega cable,912985
Axtel,912990
Telmex,912998
Mega cable,912999
Mega cable,913008
Axtel,913012
Telmex,913014
Axtel,913020
Axtel,913021
Mega cable,913028
Telmex,913030
Axtel,913031
Telmex,913034
Telmex,913036
Axtel,913037
Mega cable,913040
Mega cable,913043
Izzi,913047
Mega cable,913053
Axtel,913058
Telmex,913060
Axtel,913068
Mega cable,913069
Telmex,913078
Axtel,913079
Mega cable,913081
Telmex,913082
Axtel,913087
Mega cable,913095
Axtel,913097
Mega cable,913101
Axtel,913108
Axtel,913110
Axtel,913118
Axtel,913119
Mega cable,913122
Mega cable,913126
Axtel,913128
Mega cable,913133
Mega cable,913134
Axtel,913137
Mega cable,913139
Mega cable,913147
Mega cable,913149
Telmex,913156
Mega cable,913158
Mega cable,913159
Axtel,913161
Axtel,913164
Axtel,913166
Mega cable,913169
Mega cable,913173
Mega cable,913179
Mega cable,913183
Axtel,913191
Mega cable,913198
Telmex,913201
Axtel,913205
Telmex,913209
Axtel,913211
Mega cable,913212
Axtel,913216
Axtel,913243
Telmex,913251
Telmex,913265
Telmex,913278
Axtel,913286
Telmex,913287
Izzi,913310
Telmex,913314
Axtel,913317
Mega cable,913319
Telmex,913321
Axtel,913338
Mega cable,913342
Axtel,913393
Telmex,913426
Mega cable,913427
Axtel,913435
Mega cable,913449
Axtel,913450
Telmex,913453
Mega cable,913460
Axtel,913467
Telmex,913475
Telmex,913477
Telmex,913480
Axtel,913483
Axtel,913486
Telmex,913491
Axtel,913493
Telmex,913505
Axtel,913515
Other,913516
Mega cable,913525
Axtel,913534
Axtel,913535
Telmex,913537
Telmex,913539
Mega cable,913547
Telmex,913555
Mega cable,913566
Izzi,913580
Telmex,913588
Mega cable,913590
Axtel,913595
Mega cable,913596
Mega cable,913600
Mega cable,913602
Axtel,913609
Mega cable,913624
Mega cable,913633
Mega cable,913751
Axtel,913829
Mega cable,913830
Telmex,913885
Axtel,913908
Mega cable,913979
Axtel,914013
Axtel,914020
Mega cable,914049
Axtel,914090
Axtel,914162
Telmex,914250
Axtel,914256
Axtel,914260
Mega cable,914278
Axtel,914283
Mega cable,914315
Mega cable,914342
Telmex,914352
Mega cable,914386
Mega cable,914417
Mega cable,914420
Telmex,914422
Mega cable,914425
Mega cable,914429
Mega cable,914440
Axtel,914447
Mega cable,914476
Mega cable,914522
Telmex,914532
Telmex,914554
Mega cable,914560
Mega cable,914586
Mega cable,914620
Telmex,914636
Axtel,914652
Axtel,914678
Telmex,914687
Mega cable,914706
Mega cable,914709
Axtel,914743
Telmex,914753
Axtel,914765
Telmex,914770
Axtel,914816
Telmex,914835
Axtel,914839
Mega cable,914864
Mega cable,914895
Mega cable,914913
Axtel,914924
Mega cable,914948
Mega cable,915013
Mega cable,915017
Axtel,915023
Mega cable,915049
Axtel,915087
Axtel,915107
Mega cable,915122
Axtel,915129
Axtel,915141
Axtel,915150
Telmex,915170
Mega cable,915175
Axtel,915192
Axtel,915206
Mega cable,915222
Mega cable,915240
Telmex,915270
Axtel,915291
Mega cable,915338
Axtel,915362
Mega cable,915414
Mega cable,915418
Axtel,915437
Mega cable,915454
Axtel,915472
Axtel,915490
Mega cable,915507
Mega cable,915521
Telmex,915522
Telmex,915539
Mega cable,915545
Axtel,915564
Axtel,915566
Mega cable,915586
Telmex,915607
Telmex,915610
Axtel,915614
Axtel,915616
Axtel,915625
Telmex,915660
Mega cable,915668
Telmex,915685
Axtel,915704
Axtel,915723
Mega cable,915747
Mega cable,915750
Axtel,915755
Telmex,915758
Axtel,915778
Axtel,915810
Telmex,915811
Axtel,915812
Axtel,915832
Telmex,915834
Mega cable,915841
Axtel,915847
Mega cable,915851
Axtel,915861
Axtel,915869
Mega cable,915887
Axtel,915894
Telmex,915897
Axtel,915909
Mega cable,915919
Mega cable,915938
Axtel,915958
Mega cable,915983
Mega cable,915994
Axtel,916025
Telmex,916026
Axtel,916035
Telmex,916043
Mega cable,916065
Mega cable,916066
Axtel,916069
Telmex,916072
Mega cable,916076
Telmex,916080
Mega cable,916091
Telmex,916098
Mega cable,916118
Other,916133
Telmex,916139
Mega cable,916140
Mega cable,916159
Axtel,916166
Axtel,916167
Mega cable,916176
Telmex,916189
Mega cable,916196
Mega cable,916197
Mega cable,916198
Axtel,916208
Mega cable,916215
Mega cable,916225
Telmex,916237
Mega cable,916265
Telmex,916267
Axtel,916281
Axtel,916306
Axtel,916309
Mega cable,916313
Axtel,916321
Mega cable,916326
Telmex,916335
Mega cable,916340
Mega cable,916355
Axtel,916359
Telmex,916374
Mega cable,916378
Axtel,916385
Axtel,916389
Axtel,916399
Axtel,916406
Mega cable,916439
Mega cable,916469
Other,916483
Axtel,916500
Mega cable,916506
Mega cable,916514
Mega cable,916519
Mega cable,916534
Mega cable,916547
Telmex,916560
Mega cable,916567
Telmex,916583
Mega cable,916584
Mega cable,916603
Axtel,916624
Telmex,916632
Telmex,916646
Mega cable,916654
Mega cable,916658
Telmex,916666
Telmex,916676
Mega cable,916681
Axtel,916683
Mega cable,916705
Izzi,916721
Mega cable,916723
Mega cable,916728
Mega cable,916730
Axtel,916735
Axtel,916747
Mega cable,916757
Mega cable,916787
Mega cable,916793
Mega cable,916794
Axtel,916797
Mega cable,916799
Mega cable,916811
Mega cable,916813
Axtel,916815
Mega cable,916819
Axtel,916822
Telmex,916823
Mega cable,916828
Axtel,916831
Mega cable,916835
Telmex,916838
Mega cable,916843
Mega cable,916847
Axtel,916861
Telmex,916864
Mega cable,916866
Telmex,916867
Axtel,916875
Mega cable,916877
Izzi,916885
Mega cable,916887
Mega cable,916889
Mega cable,916894
Mega cable,916909
Telmex,916911
Mega cable,916926
Mega cable,916933
Axtel,916939
Mega cable,916941
Axtel,916943
Mega cable,916950
Axtel,916975
Mega cable,916980
Telmex,916984
Telmex,916992
Mega cable,916995
Axtel,916996
Mega cable,916997
Axtel,917005
Axtel,917006
Mega cable,917007
Telmex,917012
Telmex,917025
Axtel,917035
Mega cable,917037
Axtel,917038
Mega cable,917043
Axtel,917052
Telmex,917058
Telmex,917060
Mega cable,917063
Axtel,917066
Axtel,917072
Telmex,917073
Mega cable,917076
Axtel,917079
Mega cable,917083
Axtel,917085
Axtel,917090
Telmex,917098
Axtel,917100
Axtel,917107
Axtel,917108
Mega cable,917109
Telmex,917115
Telmex,917140
Telmex,917142
Mega cable,917146
Axtel,917153
Mega cable,917155
Telmex,917167
Telmex,917169
Mega cable,917173
Mega cable,917175
Mega cable,917178
Telmex,917188
Telmex,917207
Axtel,917211
Axtel,917228
Mega cable,917231
Telmex,917246
Mega cable,917247
Axtel,917248
Telmex,917251
Mega cable,917255
Mega cable,917257
Mega cable,917260
Axtel,917264
Axtel,917273
Telmex,917283
Mega cable,917286
Mega cable,917290
Axtel,917296
Axtel,917297
Mega cable,917299
Telmex,917300
Mega cable,917301
Mega cable,917311
Mega cable,917318
Telmex,917319
Axtel,917321
Axtel,917325
Telmex,917327
Mega cable,917329
Telmex,917343
Axtel,917344
Mega cable,917346
Axtel,917351
Mega cable,917353
Telmex,917354
Mega cable,917356
Telmex,917357
Axtel,917361
Telmex,917363
Mega cable,917365
Axtel,917370
Mega cable,917372
Mega cable,917373
Mega cable,917385
Telmex,917392
Telmex,917403
Axtel,917406
Axtel,917407
Mega cable,917411
Axtel,917412
Axtel,917413
Mega cable,917421
Mega cable,917427
Mega cable,917432
Axtel,917435
Axtel,917436
Axtel,917441
Other,917448
Telmex,917454
Mega cable,917465
Mega cable,917480
Telmex,917490
Telmex,917497
Axtel,917506
Mega cable,917521
Axtel,917528
Axtel,917533
Mega cable,917542
Telmex,917544
Telmex,917556
Mega cable,917560
Mega cable,917564
Mega cable,917566
Telmex,917573
Mega cable,917574
Axtel,917586
Axtel,917594
Axtel,917603
Mega cable,917608
Mega cable,917609
Telmex,917610
Mega cable,917613
Mega cable,917617
Mega cable,917623
Telmex,917626
Mega cable,917627
Mega cable,917628
Mega cable,917632
Axtel,917635
Telmex,917649
Telmex,917650
Mega cable,917653
Axtel,917654
Mega cable,917661
Mega cable,917663
Axtel,917667
Telmex,917671
Telmex,917674
Mega cable,917677
Telmex,917684
Mega cable,917693
Telmex,917698
Axtel,917699
Telmex,917711
Axtel,917713
Mega cable,917714
Telmex,917722
Axtel,917731
Axtel,917738
Telmex,917759
Telmex,917767
Axtel,917772
Axtel,917773
Telmex,917798
Telmex,917803
Telmex,917812
Axtel,917821
Mega cable,917838
Telmex,917843
Mega cable,917846
Axtel,917849
Mega cable,917851
Axtel,917861
Mega cable,917862
Mega cable,917875
Mega cable,917877
Axtel,917883
Mega cable,917886
Mega cable,917890
Mega cable,917891
Axtel,917898
Telmex,917904
Axtel,917915
Mega cable,917920
Axtel,917922
Mega cable,917925
Axtel,917928
Axtel,917933
Axtel,917948
Mega cable,917949
Mega cable,917950
Axtel,917954
Axtel,917958
Axtel,917962
Mega cable,917974
Telmex,917984
Telmex,917996
Mega cable,917997
Axtel,918004
Axtel,918011
Axtel,918025
Other,918026
Axtel,918032
Mega cable,918034
Izzi,918039
Axtel,918052
Axtel,918054
Telmex,918055
Axtel,918060
Mega cable,918077
Axtel,918080
Mega cable,918083
Axtel,918090
Mega cable,918098
Axtel,918103
Axtel,918109
Telmex,918119
Axtel,918120
Mega cable,918152
Axtel,918155
Mega cable,918157
Axtel,918161
Telmex,918169
Mega cable,918170
Axtel,918172
Telmex,918173
Telmex,918181
Mega cable,918186
Axtel,918192
Axtel,918196
Axtel,918201
Axtel,918205
Telmex,918207
Telmex,918208
Axtel,918217
Axtel,918224
Telmex,918225
Axtel,918235
Mega cable,918237
Mega cable,918260
Axtel,918272
Telmex,918278
Mega cable,918280
Axtel,918282
Axtel,918283
Axtel,918286
Mega cable,918298
Telmex,918299
Axtel,918314
Other,918318
Telmex,918322
Mega cable,918323
Telmex,918328
Mega cable,918329
Axtel,918338
Axtel,918347
Mega cable,918350
Mega cable,918358
Telmex,918367
Mega cable,918368
Axtel,918396
Axtel,918398
Telmex,918407
Mega cable,918418
Telmex,918419
Mega cable,918429
Axtel,918431
Axtel,918441
Telmex,918445
Mega cable,918451
Axtel,918456
Axtel,918475
Axtel,918476
Axtel,918515
Mega cable,918529
Mega cable,918536
Axtel,918548
Axtel,918556
Izzi,918597
Axtel,918614
Mega cable,918624
Axtel,918626
Axtel,918639
Telmex,918657
Telmex,918690
Mega cable,918694
Axtel,918703
Mega cable,918705
Axtel,918710
Mega cable,918730
Telmex,918742
Telmex,918765
Mega cable,918769
Mega cable,918773
Mega cable,918775
Mega cable,918796
Axtel,918801
Axtel,918810
Mega cable,918818
Axtel,918823
Mega cable,918856
Mega cable,918873
Telmex,918906
Axtel,918919
Axtel,918943
Axtel,918999
Telmex,919062
Telmex,919073
Axtel,919076
Mega cable,919210
Telmex,919262
Axtel,919349
Mega cable,919350
Telmex,919369
Telmex,919704
Telmex,919792
Mega cable,920108
Telmex,920182
Axtel,920740
Telmex,920779
Axtel,921894
Telmex,922482
Mega cable,922584
Telmex,923756
Axtel,923761
Axtel,923843
Mega cable,924237
Telmex,924315
Mega cable,924521
Izzi,924570
Axtel,924737
Mega cable,924749
Telmex,924965
Axtel,925177
Izzi,925654
Mega cable,925728
Izzi,925738
Telmex,925876
Izzi,926086
Other,926360
Mega cable,927058
Mega cable,927084
Telmex,927147
Izzi,927197
Izzi,927390
Telmex,927818
