MobileOperatingSystem,CustomerID
IOS,877687
Android,877723
Android,877757
IOS,877792
Android,877840
IOS,877988
Android,878821
IOS,878822
Android,878842
Android,878855
IOS,878871
Android,878907
Android,878908
Android,878912
Android,878919
Android,878974
Android,878977
Android,878993
Android,879011
IOS,879017
Android,879020
IOS,879033
IOS,879055
Windows phone,879061
Android,879072
IOS,879232
Android,879264
Android,879306
Windows phone,879310
IOS,879403
Android,879453
Android,879454
Windows phone,879478
Android,879500
Android,879535
Android,879889
IOS,879926
Android,881801
IOS,882315
Android,882316
IOS,882319
Android,882320
IOS,882321
Android,882324
IOS,882325
Android,882326
Android,882328
Android,882330
Android,882332
Android,882333
IOS,882336
IOS,882337
IOS,882340
Android,882341
IOS,882342
Android,882343
IOS,882346
IOS,882348
Android,882350
Android,882351
Android,882354
Android,882356
IOS,882357
Android,882358
IOS,882359
IOS,882360
Android,882364
Android,882366
Android,882367
IOS,882368
Android,882371
Windows phone,882372
Android,882375
Android,882376
Android,882377
IOS,882382
Android,882383
IOS,882387
IOS,882388
Android,882391
IOS,882392
Android,882393
Android,882395
Android,882397
IOS,882398
IOS,882402
Android,882403
Android,882407
Android,882409
Android,882410
IOS,882413
Android,882414
Android,882415
IOS,882419
Android,882423
Android,882424
Android,882425
IOS,882426
Android,882428
Android,882429
IOS,882433
IOS,882434
Android,882435
Android,882437
IOS,882439
IOS,882440
Android,882442
Android,882444
Windows phone,882446
Android,882449
Android,882451
IOS,882452
Android,882457
Android,882459
Android,882462
Android,882463
Android,882464
IOS,882465
Android,882467
IOS,882469
IOS,882471
IOS,882475
IOS,882476
IOS,882478
IOS,882479
Android,882481
Android,882482
Android,882483
Android,882484
IOS,882491
Windows phone,882494
IOS,882497
Android,882500
Android,882501
IOS,882503
Android,882504
IOS,882506
Android,882507
Android,882508
Android,882512
Android,882515
Android,882517
IOS,882518
Android,882521
IOS,882522
Android,882523
IOS,882527
IOS,882531
IOS,882532
Android,882535
IOS,882537
IOS,882543
IOS,882545
Android,882550
IOS,882551
Windows phone,882553
Android,882559
Android,882560
IOS,882563
IOS,882564
IOS,882565
Android,882569
Android,882573
Android,882574
Android,882576
Android,882577
IOS,882578
Android,882581
IOS,882583
IOS,882585
IOS,882587
Android,882590
Android,882591
IOS,882593
Android,882594
Android,882597
Android,882599
Android,882600
Android,882602
IOS,882607
IOS,882608
Android,882609
Android,882612
IOS,882616
Android,882621
Android,882622
IOS,882623
Android,882626
Android,882627
Android,882628
Android,882631
IOS,882632
Android,882636
IOS,882638
Android,882639
Android,882640
IOS,882645
IOS,882648
IOS,882650
Android,882652
Android,882656
Android,882658
Android,882660
Android,882666
Android,882667
Android,882674
IOS,882677
Android,882678
IOS,882683
IOS,882684
Android,882685
Android,882693
Android,882694
Android,882699
Android,882700
IOS,882701
Android,882705
Android,882709
Android,882713
Android,882715
Android,882720
IOS,882721
IOS,882728
Android,882729
Android,882731
Android,882735
IOS,882737
Android,882738
IOS,882739
IOS,882741
Android,882745
Android,882747
Android,882750
Android,882752
Android,882756
IOS,882757
Android,882760
Android,882763
Android,882766
Android,882768
Android,882769
IOS,882772
Android,882775
Android,882778
Android,882783
Android,882784
IOS,882787
Android,882793
Android,882796
Android,882799
Android,882801
Android,882804
IOS,882807
IOS,882808
Android,882812
IOS,882816
Android,882817
Android,882821
Android,882824
Android,882827
Android,882828
Android,882830
Android,882837
Android,882844
Android,882853
Android,882856
IOS,882859
Windows phone,882868
IOS,882869
Android,882886
IOS,882891
Android,882896
Android,882902
IOS,882910
IOS,882911
IOS,882919
Android,882923
Android,882927
Android,882932
Android,882934
Android,882936
IOS,882938
Android,882941
Windows phone,882942
IOS,882945
Android,882951
Android,882955
Android,882957
IOS,882959
IOS,882961
Android,882962
IOS,882963
Android,882964
IOS,882969
Android,882971
Android,882973
Android,882975
Android,882977
Android,882984
Android,882987
IOS,882989
Android,882991
Windows phone,882994
IOS,882999
IOS,883011
IOS,883016
Android,883018
Android,883021
Android,883028
IOS,883035
Android,883043
Android,883047
Android,883062
IOS,883064
Android,883072
Android,883077
IOS,883079
IOS,883085
Android,883102
Android,883115
Android,883122
Android,883127
Android,883161
Android,883169
Android,883175
Android,883247
Android,883334
Windows phone,883364
Android,883388
Android,883405
Android,883418
IOS,883424
IOS,883432
IOS,883438
Android,883441
IOS,883444
IOS,883446
Android,883449
IOS,883450
IOS,883455
IOS,883457
Android,883459
Android,883463
Android,883467
IOS,883476
Windows phone,883483
IOS,883486
Android,883494
Android,883498
Android,883507
IOS,883513
Android,883522
Android,883526
Android,883527
IOS,883546
Android,883554
IOS,883556
Android,883565
IOS,883571
IOS,883573
Android,883597
Android,883598
Android,883613
IOS,883619
Android,883624
IOS,883631
IOS,883632
Android,883665
Android,883670
Android,883696
Android,883716
Android,883724
Android,883730
Android,883736
IOS,883739
IOS,883753
IOS,883768
IOS,883773
Android,883790
Android,883808
IOS,883878
Android,883931
Android,883950
Android,883956
IOS,883979
Android,884001
IOS,884080
Android,884112
Android,884199
Android,884217
Android,884225
Android,884248
IOS,884270
Android,884303
IOS,884339
Android,884357
Android,884384
Android,884423
Windows phone,884596
Android,884624
IOS,884673
IOS,884717
IOS,884766
Android,884789
Android,884804
Android,884848
Android,884851
Android,884856
Android,884859
Android,884860
Android,884862
Android,884867
Android,884870
Android,884872
IOS,884873
Android,884878
Android,884879
Android,884881
Android,884887
Android,884892
Android,884895
IOS,884897
Android,884899
IOS,884908
Android,884909
Android,884912
IOS,884913
Android,884914
Android,884916
Android,884919
Android,884920
Android,884921
Android,884924
Android,884926
Android,884931
Android,884932
IOS,884939
Android,884945
IOS,884947
Android,884948
Android,884949
Android,884951
Android,884954
IOS,884955
Windows phone,884960
Android,884961
Android,884964
Android,884965
Android,884970
IOS,884971
IOS,884976
IOS,884979
Android,884980
Android,884987
Android,884988
IOS,884989
Android,884995
Android,884997
Android,884999
Android,885001
Android,885004
IOS,885008
Android,885017
IOS,885024
Android,885032
Android,885039
Android,885041
Android,885044
Android,885047
IOS,885052
Android,885056
Android,885063
Android,885072
Android,885075
Android,885076
Android,885079
Android,885084
Android,885085
Android,885086
IOS,885097
Android,885103
IOS,885104
Android,885107
Android,885126
IOS,885129
Android,885149
Android,885152
Android,885159
IOS,885163
Android,885168
IOS,885199
Android,885210
IOS,885220
Android,885227
Android,885229
Android,885237
Android,885260
Android,885269
Android,885279
Android,885282
Android,885292
IOS,885297
IOS,885301
IOS,885314
Android,885316
Android,885321
Android,885341
Android,885344
IOS,885350
IOS,885360
Android,885362
Android,885365
Android,885373
Android,885379
Android,885383
IOS,885396
Android,885416
Android,885449
Android,885491
Android,885544
IOS,885565
Android,885582
IOS,885638
Android,885715
Android,885811
Android,885839
IOS,885914
Android,886081
Android,886169
Android,886213
Windows phone,886308
Android,886445
IOS,886455
Android,886888
IOS,886898
Android,886938
Android,886984
Android,886993
Android,887015
Android,887022
IOS,887026
Android,887086
Android,887298
Android,887309
IOS,887325
IOS,887335
Android,887347
Android,887376
Android,887420
IOS,887509
Android,887609
Android,887618
IOS,887658
Android,887666
Android,887871
Android,887894
Android,887898
Android,887903
Android,887905
Android,887908
IOS,887913
Android,887917
Android,887920
Android,887924
Android,887925
Android,887929
IOS,887933
IOS,887934
Android,887936
Android,887939
Android,887941
Android,887945
Android,887946
Android,887947
Android,887949
Android,887952
Android,887954
Android,887955
IOS,887957
IOS,887962
Android,887963
Android,887966
Android,887968
Android,887969
Android,887973
Android,887979
Android,887982
Android,887987
Android,887989
IOS,887990
Android,887991
Android,887992
Android,887995
Android,887999
IOS,888005
Android,888006
Android,888007
Android,888008
IOS,888014
IOS,888017
Windows phone,888018
IOS,888019
IOS,888020
Android,888021
Android,888025
IOS,888027
IOS,888028
Android,888029
Android,888031
Android,888032
Android,888033
Android,888038
Android,888041
Android,888045
IOS,888049
Android,888050
Android,888054
IOS,888055
Android,888057
IOS,888059
IOS,888060
Android,888061
IOS,888064
IOS,888067
Android,888069
Android,888071
Android,888077
IOS,888078
IOS,888079
Android,888080
Android,888083
Android,888084
Android,888085
IOS,888086
Android,888090
IOS,888091
Android,888094
Android,888095
Android,888101
IOS,888104
Android,888106
Android,888108
IOS,888110
Android,888112
IOS,888114
Android,888115
Android,888119
Android,888121
IOS,888123
IOS,888125
IOS,888126
Android,888127
IOS,888130
Android,888131
IOS,888133
Android,888137
Android,888138
Android,888139
IOS,888140
Android,888142
Android,888144
Android,888146
Android,888148
IOS,888149
IOS,888153
IOS,888154
Android,888155
Android,888156
IOS,888157
Android,888158
Android,888161
Android,888165
Android,888170
Android,888172
IOS,888175
IOS,888177
Android,888178
IOS,888179
Android,888199
IOS,888211
Android,888213
IOS,888218
IOS,888227
Android,888228
Windows phone,888265
Android,888268
IOS,888278
Android,888287
Android,888297
Android,888302
IOS,888325
Android,888341
IOS,888342
Android,888344
IOS,888355
Android,888358
Android,888368
IOS,888371
Android,888378
Android,888386
IOS,888388
Android,888389
Android,888399
Android,888418
Android,888420
Android,888425
Android,888431
Android,888437
Android,888449
IOS,888451
Android,888455
Android,888457
Android,888466
Android,888472
Android,888474
Android,888493
Android,888501
Android,888504
Android,888510
Android,888513
Android,888522
IOS,888529
Android,888533
IOS,888535
Windows phone,888544
Android,888549
Android,888551
IOS,888556
Android,888560
IOS,888563
Android,888565
IOS,888567
IOS,888568
Android,888582
Android,888589
Android,888591
IOS,888592
Android,888593
Android,888594
Android,888600
Android,888601
IOS,888606
Android,888608
IOS,888613
Android,888618
Android,888619
Android,888621
Android,888622
IOS,888630
Android,888634
Android,888637
IOS,888650
IOS,888651
Android,888652
IOS,888655
Android,888660
Android,888663
Android,888665
Android,888667
Android,888671
Android,888673
Windows phone,888679
IOS,888681
Android,888684
Android,888686
IOS,888695
Android,888696
Android,888698
Android,888699
Android,888703
Android,888704
IOS,888705
Android,888708
Android,888710
IOS,888712
IOS,888713
Android,888722
Android,888723
IOS,888727
Android,888730
Android,888731
Android,888732
Android,888733
Android,888734
IOS,888736
Android,888738
Android,888739
Android,888743
Android,888749
IOS,888752
Android,888753
IOS,888760
Android,888762
Android,888764
Windows phone,888767
Android,888769
Android,888773
IOS,888777
Android,888778
IOS,888787
IOS,888788
Android,888790
Android,888794
Android,888796
Android,888799
Android,888807
Android,888808
IOS,888810
IOS,888811
Android,888813
IOS,888814
IOS,888815
IOS,888821
Android,888823
IOS,888827
IOS,888829
IOS,888831
Android,888836
IOS,888838
IOS,888842
Android,888844
Android,888846
Android,888847
Android,888848
Android,888856
Android,888857
Android,888863
IOS,888864
Android,888865
IOS,888868
Windows phone,888871
Android,888872
Android,888875
Android,888883
Android,888884
Android,888890
IOS,888891
Android,888895
IOS,888899
Android,888902
Android,888909
Android,888910
Windows phone,888917
IOS,888920
Android,888922
Android,888924
Android,888927
IOS,888928
Android,888931
Android,888938
Android,888940
IOS,888942
IOS,888944
Android,888945
IOS,888946
Android,888947
Android,888951
IOS,888956
IOS,888960
Android,888961
IOS,888967
IOS,888973
IOS,888976
Android,888978
Android,888979
IOS,888980
Android,888981
Android,888982
IOS,888987
Android,888988
Android,888991
Android,888997
IOS,888998
Android,889002
Android,889005
Android,889006
Android,889007
Android,889008
IOS,889010
IOS,889014
Android,889022
Android,889024
Android,889025
Android,889026
Android,889028
IOS,889031
IOS,889034
Android,889037
Android,889038
Other,889040
Android,889047
Android,889048
Android,889050
Android,889051
Android,889052
IOS,889062
Android,889064
Android,889066
IOS,889072
Android,889073
Android,889074
Android,889075
Android,889077
Android,889078
IOS,889088
Windows phone,889090
Android,889094
Android,889095
IOS,889098
IOS,889100
IOS,889109
Android,889110
Android,889113
Android,889119
Android,889122
IOS,889123
IOS,889126
IOS,889130
Android,889132
Android,889134
IOS,889135
Android,889139
Android,889144
IOS,889146
Android,889147
Android,889150
IOS,889152
Android,889154
IOS,889155
IOS,889159
IOS,889161
IOS,889162
IOS,889164
IOS,889165
IOS,889167
Android,889170
IOS,889173
Android,889174
Android,889175
Android,889178
Android,889179
Android,889182
Android,889186
Android,889188
IOS,889191
Android,889195
IOS,889197
Android,889202
Android,889205
IOS,889207
Android,889210
IOS,889212
Android,889215
Android,889218
Android,889219
Android,889220
Android,889221
IOS,889223
Android,889227
Android,889228
Android,889231
Android,889233
Android,889236
IOS,889237
IOS,889238
Android,889241
Android,889243
Android,889245
Android,889250
Android,889251
Android,889254
IOS,889256
IOS,889257
Android,889260
Android,889261
Android,889262
Android,889264
Android,889267
Android,889268
Android,889270
IOS,889275
IOS,889276
Android,889277
Android,889280
IOS,889281
Android,889282
Android,889283
Android,889284
Android,889285
IOS,889287
Android,889291
Android,889292
Android,889297
Android,889299
Android,889304
Android,889306
IOS,889307
Android,889309
Android,889310
Android,889312
Android,889317
Android,889318
Android,889319
Android,889328
Android,889332
Android,889334
Android,889337
Android,889339
IOS,889340
IOS,889345
IOS,889346
Android,889347
IOS,889349
IOS,889350
Android,889358
Android,889361
Android,889374
Android,889376
IOS,889378
Android,889379
Android,889380
IOS,889381
Android,889385
Android,889386
Windows phone,889387
IOS,889390
Other,889393
Android,889394
Android,889396
Android,889399
Android,889400
Android,889404
IOS,889405
IOS,889407
Android,889409
Android,889411
Android,889413
Android,889414
Android,889417
Android,889423
Android,889424
Android,889426
Android,889429
IOS,889430
IOS,889431
IOS,889435
Android,889440
Android,889441
IOS,889443
Android,889452
IOS,889456
IOS,889463
Android,889465
Android,889468
Android,889471
Android,889477
Android,889478
IOS,889480
Android,889481
Android,889483
Android,889484
Android,889487
Android,889494
IOS,889496
IOS,889499
Android,889503
IOS,889504
Android,889508
Android,889509
Android,889511
IOS,889512
Android,889513
IOS,889517
IOS,889519
IOS,889525
Android,889533
IOS,889534
IOS,889538
Android,889544
Android,889555
IOS,889556
Android,889557
IOS,889563
IOS,889566
Android,889569
Android,889570
IOS,889575
IOS,889576
Android,889578
Windows phone,889579
Android,889584
Android,889585
Android,889586
IOS,889588
IOS,889589
IOS,889592
Windows phone,889595
IOS,889597
IOS,889598
Android,889600
Android,889601
Android,889603
Android,889611
IOS,889613
IOS,889614
IOS,889620
Android,889622
Android,889628
Android,889629
Android,889630
IOS,889633
IOS,889637
Android,889641
Android,889642
Android,889643
IOS,889645
Android,889657
Android,889661
Android,889663
Android,889664
IOS,889666
IOS,889667
IOS,889670
IOS,889671
Android,889674
Android,889675
IOS,889679
Android,889680
Android,889681
Android,889686
IOS,889687
IOS,889690
Android,889691
Android,889693
Android,889701
Android,889702
Android,889704
Android,889705
IOS,889709
Android,889711
Android,889713
IOS,889715
Android,889717
Android,889718
Android,889719
Android,889720
IOS,889721
Android,889724
IOS,889730
Android,889731
IOS,889732
Android,889736
IOS,889738
Android,889739
Android,889740
Android,889742
Android,889743
IOS,889745
Android,889749
Android,889752
Android,889753
Android,889755
Android,889757
Android,889759
Android,889761
Android,889762
IOS,889768
Android,889769
Android,889770
IOS,889773
Android,889774
Android,889775
IOS,889776
IOS,889777
Android,889779
Android,889783
Android,889784
Android,889785
IOS,889788
Android,889790
IOS,889791
IOS,889792
IOS,889793
Android,889794
Android,889795
IOS,889797
Android,889801
Android,889806
Android,889809
Android,889812
Android,889813
IOS,889815
IOS,889816
Android,889817
IOS,889818
Android,889821
Android,889822
IOS,889823
IOS,889826
Android,889827
IOS,889831
Android,889832
IOS,889834
IOS,889838
Android,889839
Android,889842
Android,889843
Android,889844
Android,889847
IOS,889848
Android,889851
Android,889853
Android,889858
IOS,889859
Android,889861
Android,889862
IOS,889864
Android,889866
IOS,889868
IOS,889869
Android,889871
Android,889872
IOS,889877
Android,889878
Android,889880
Android,889882
Android,889883
Android,889885
IOS,889886
Android,889887
Android,889892
Android,889893
IOS,889894
IOS,889895
Android,889896
Android,889897
Android,889900
Android,889901
Android,889903
IOS,889905
IOS,889906
Android,889911
IOS,889912
IOS,889915
IOS,889918
Android,889920
Android,889921
IOS,889926
Android,889931
IOS,889932
IOS,889937
Android,889938
IOS,889942
IOS,889944
IOS,889947
IOS,889950
IOS,889952
Android,889956
IOS,889958
Android,889960
Android,889965
IOS,889969
Android,889973
Android,889975
Android,889977
IOS,889978
IOS,889981
Android,889982
Android,889984
Android,889986
Android,889987
Android,889989
IOS,889991
Android,889995
IOS,889996
Android,889997
Android,890000
IOS,890006
Android,890012
IOS,890013
IOS,890014
Android,890019
Android,890022
IOS,890023
IOS,890027
Android,890028
IOS,890030
IOS,890031
Android,890034
IOS,890036
IOS,890040
Android,890047
Android,890051
Android,890052
Android,890055
IOS,890056
IOS,890057
IOS,890059
IOS,890061
IOS,890062
Android,890065
Android,890067
Android,890070
Android,890073
Android,890074
IOS,890076
IOS,890079
IOS,890080
IOS,890083
Android,890085
Android,890086
Android,890089
Android,890091
Android,890092
Android,890093
Android,890094
IOS,890096
IOS,890098
IOS,890099
Android,890100
Android,890102
Android,890104
Android,890105
Windows phone,890107
IOS,890111
Android,890114
Android,890115
Android,890119
Android,890122
IOS,890124
Android,890125
IOS,890127
Android,890131
Android,890133
IOS,890134
Android,890136
Android,890138
IOS,890141
Android,890142
Android,890146
Android,890147
Android,890148
Android,890150
Android,890153
IOS,890155
IOS,890156
Android,890160
Android,890161
IOS,890163
IOS,890178
Android,890180
Android,890200
Android,890213
IOS,890215
Android,890220
IOS,890240
Android,890242
IOS,890248
Android,890251
Android,890254
Android,890257
IOS,890260
Android,890264
Android,890265
IOS,890267
IOS,890273
Android,890275
Android,890276
Android,890279
Android,890288
Android,890292
IOS,890293
IOS,890299
Android,890300
IOS,890302
IOS,890304
IOS,890306
Android,890317
Android,890319
IOS,890323
Android,890324
Windows phone,890326
Android,890329
Android,890333
Windows phone,890334
IOS,890335
Android,890338
Android,890342
Android,890353
Android,890362
Android,890371
IOS,890378
Android,890389
IOS,890393
IOS,890398
Android,890406
Android,890416
IOS,890420
Android,890428
Android,890440
Android,890443
Android,890445
Android,890455
Android,890459
Android,890461
Android,890470
Android,890475
Android,890477
IOS,890478
IOS,890482
Android,890490
IOS,890494
IOS,890497
IOS,890514
IOS,890516
Android,890520
Android,890529
IOS,890533
Android,890541
Android,890551
Android,890565
Android,890570
IOS,890571
Android,890594
IOS,890597
Android,890603
Android,890606
Android,890621
Android,890657
Android,890663
Android,890671
IOS,890684
Android,890687
Android,890698
IOS,890706
IOS,890707
Windows phone,890708
Android,890717
Android,890719
IOS,890727
Android,890736
IOS,890737
Android,890741
Windows phone,890743
Android,890745
IOS,890758
Android,890769
IOS,890777
Android,890783
Android,890801
IOS,890834
Android,890841
IOS,890846
Android,890870
Android,890871
IOS,890881
Android,890883
Android,890891
Android,890892
Android,890896
IOS,890903
Android,890911
Android,890912
Android,890918
Android,890920
Android,890923
Android,890930
Android,890940
IOS,890942
Android,890951
IOS,890975
Android,890984
Android,890989
Android,890999
Android,891017
Android,891018
Android,891022
Android,891024
Android,891032
IOS,891040
Android,891055
IOS,891058
Android,891063
Android,891074
Android,891088
Android,891103
Android,891117
Android,891126
Android,891134
IOS,891138
Android,891175
IOS,891185
Android,891225
Android,891235
Android,891237
IOS,891256
Android,891260
Android,891279
Android,891283
Android,891294
Android,891296
Android,891304
Android,891314
IOS,891321
IOS,891326
IOS,891333
Android,891335
Android,891358
Android,891361
Android,891369
IOS,891372
IOS,891374
Android,891376
Windows phone,891378
Android,891384
IOS,891385
Android,891394
IOS,891396
IOS,891397
Android,891402
IOS,891409
Android,891410
Android,891411
IOS,891422
Android,891425
Android,891426
Android,891430
Android,891431
IOS,891433
IOS,891434
Android,891435
Android,891441
IOS,891450
IOS,891451
Android,891454
Android,891456
Android,891457
Android,891467
Android,891469
IOS,891471
Android,891475
Windows phone,891480
IOS,891481
Android,891483
Android,891484
IOS,891487
Android,891492
Android,891496
IOS,891500
Android,891501
IOS,891511
IOS,891512
Android,891513
Android,891514
Android,891520
Android,891522
Android,891523
Android,891524
IOS,891526
Android,891532
Android,891537
Android,891539
IOS,891540
Android,891545
IOS,891549
Android,891550
IOS,891551
Android,891553
Android,891559
IOS,891564
IOS,891565
Android,891573
Android,891576
Android,891580
IOS,891586
Android,891588
Android,891589
IOS,891594
Android,891599
Android,891600
IOS,891604
Android,891611
IOS,891612
IOS,891615
Android,891616
IOS,891619
Android,891620
Android,891633
Android,891634
IOS,891637
Android,891640
Android,891644
Android,891645
Android,891652
Android,891654
IOS,891655
Android,891660
IOS,891661
Android,891665
IOS,891669
Android,891670
IOS,891671
Android,891673
Android,891675
IOS,891679
Android,891684
Android,891685
Android,891693
Android,891696
Android,891697
IOS,891703
IOS,891709
Android,891710
IOS,891713
Android,891714
IOS,891718
Android,891719
IOS,891721
IOS,891724
IOS,891731
Android,891733
Android,891734
IOS,891735
IOS,891737
IOS,891742
Android,891745
Android,891751
Android,891754
IOS,891756
Android,891759
Android,891762
Android,891767
Android,891769
Android,891773
Android,891774
IOS,891780
Android,891784
Android,891788
Android,891792
IOS,891793
IOS,891796
IOS,891800
IOS,891803
Android,891806
Android,891809
IOS,891812
IOS,891814
Android,891815
IOS,891817
Android,891818
Android,891821
Android,891824
Android,891825
IOS,891828
Android,891829
Android,891836
IOS,891841
Android,891848
IOS,891854
Android,891855
Android,891857
Android,891861
Android,891866
IOS,891871
Android,891873
IOS,891877
Android,891878
Android,891883
IOS,891886
IOS,891887
IOS,891890
Android,891891
IOS,891893
Android,891902
Android,891903
IOS,891907
IOS,891909
Android,891910
IOS,891917
Android,891919
Android,891920
Android,891923
Android,891924
IOS,891925
Android,891927
Android,891929
Android,891931
Android,891933
Android,891935
IOS,891937
Android,891939
Android,891946
Android,891950
Android,891957
Android,891961
Android,891962
Android,891963
Android,891966
IOS,891969
IOS,891971
Android,891973
Android,891974
Android,891978
Android,891979
Android,891983
Android,891984
Android,891985
IOS,891991
Android,891992
Android,892002
IOS,892005
IOS,892007
Android,892008
IOS,892010
Windows phone,892013
Android,892016
Android,892021
Android,892028
Android,892041
Android,892045
Android,892052
IOS,892054
Android,892060
IOS,892061
Android,892062
IOS,892067
IOS,892070
Android,892073
Android,892075
Android,892078
Android,892079
IOS,892081
Android,892084
IOS,892086
IOS,892088
IOS,892089
IOS,892092
Android,892097
Android,892100
Android,892109
IOS,892110
IOS,892123
Android,892126
IOS,892129
IOS,892134
Android,892137
Android,892138
Android,892150
Android,892153
IOS,892155
IOS,892158
Android,892159
Android,892161
Android,892166
Android,892169
IOS,892182
Android,892198
Android,892203
Android,892204
Android,892209
IOS,892218
Android,892221
IOS,892222
Android,892224
Android,892227
IOS,892249
Android,892251
Android,892254
Android,892256
IOS,892257
Android,892270
Android,892274
Android,892276
Android,892280
Android,892281
IOS,892284
Android,892294
IOS,892298
IOS,892303
IOS,892306
IOS,892311
IOS,892312
IOS,892314
IOS,892316
Windows phone,892318
Android,892321
Android,892325
Windows phone,892328
IOS,892330
IOS,892342
Android,892349
Android,892352
Android,892367
Android,892369
IOS,892374
IOS,892380
Android,892381
Android,892383
Android,892386
Android,892389
IOS,892392
Android,892401
Android,892402
Android,892405
IOS,892421
IOS,892445
Android,892448
Android,892450
IOS,892452
IOS,892453
IOS,892461
Android,892465
Android,892466
Android,892473
Android,892475
IOS,892477
Android,892480
Android,892483
IOS,892486
IOS,892491
Android,892497
Android,892501
Android,892505
Android,892507
Android,892510
Android,892514
Windows phone,892530
Android,892531
IOS,892532
IOS,892536
Android,892538
Android,892542
Android,892543
Android,892545
Android,892559
Android,892562
IOS,892565
IOS,892576
Android,892581
Windows phone,892587
Android,892592
IOS,892593
Android,892617
IOS,892628
IOS,892634
IOS,892636
Android,892639
Android,892643
Android,892646
Android,892649
Android,892657
IOS,892666
Android,892669
Android,892671
Windows phone,892682
Android,892702
Android,892721
Android,892734
IOS,892737
Android,892741
IOS,892784
Android,892805
Android,892807
Android,892824
IOS,892840
IOS,892863
IOS,892870
Android,892890
IOS,892909
Android,892912
Android,892915
Android,892921
Windows phone,892922
Android,892927
IOS,892978
Android,892979
Android,892993
IOS,893010
Android,893014
IOS,893016
IOS,893031
Android,893034
IOS,893037
IOS,893050
IOS,893071
IOS,893097
IOS,893104
IOS,893128
IOS,893132
IOS,893140
Android,893187
IOS,893199
Android,893221
Android,893439
Android,893521
IOS,893524
IOS,893547
Android,893569
IOS,893591
Android,893594
Android,893697
IOS,893702
Android,893709
Android,893745
IOS,893794
Android,893812
Android,893827
IOS,893831
IOS,893935
IOS,894048
Android,894203
Android,894215
Android,894247
Android,894603
IOS,895043
IOS,895103
Android,895188
Android,895240
Android,895646
IOS,895788
Android,895949
Android,895970
Android,896261
IOS,896430
Android,896473
Android,896573
Android,896948
Android,897420
IOS,897636
IOS,897923
IOS,898014
Android,898021
IOS,898682
Android,899007
Android,899035
Android,899257
Android,899304
Android,899392
Android,899418
Android,899513
Android,899575
IOS,899598
Android,899625
Android,899688
Android,899690
Android,899809
Android,899810
Android,899833
IOS,899860
Android,899873
IOS,899883
IOS,899904
Android,899932
Android,899955
IOS,900024
IOS,900062
Android,900065
IOS,900094
IOS,900137
Android,900145
IOS,900148
IOS,900157
IOS,900163
Android,900164
Android,900204
Android,900214
Android,900231
Android,900277
IOS,900297
Android,900306
Android,900309
Android,900339
Android,900371
Android,900389
Android,900513
Android,900541
Android,900558
IOS,900576
Android,900641
Android,900685
Android,900731
Android,901032
IOS,901197
IOS,901572
IOS,901678
IOS,901836
Android,901904
IOS,901961
IOS,902036
Android,902050
IOS,902212
Android,902223
Android,902290
Android,902823
IOS,902997
Android,903084
IOS,903092
IOS,903166
IOS,903175
IOS,903193
Android,903197
Android,903201
IOS,903330
IOS,903408
Android,903500
Android,903583
Android,903584
Android,903585
Android,903588
IOS,903597
IOS,903600
Android,903604
Android,903606
IOS,903607
IOS,903609
IOS,903613
IOS,903614
Android,903616
Android,903618
Android,903622
Android,903626
Android,903629
IOS,903634
IOS,903636
Android,903642
Android,903646
Android,903652
Android,903778
IOS,903826
Android,903828
Android,903839
IOS,903851
Android,903863
Android,903873
Android,903909
IOS,903911
IOS,903919
IOS,903927
Android,903930
Android,903931
IOS,903932
Android,903936
IOS,903941
Android,903943
IOS,903948
IOS,903949
Android,903950
Android,903951
Android,903955
Android,903997
IOS,904002
IOS,904008
Android,904012
Windows phone,904015
Android,904027
Android,904043
Android,904045
Android,904046
Android,904052
IOS,904073
Android,904074
IOS,904076
IOS,904083
Android,904094
Android,904096
IOS,904099
Android,904103
Android,904104
Android,904112
Android,904114
Android,904121
IOS,904123
Android,904126
Android,904128
IOS,904139
IOS,904143
IOS,904153
Windows phone,904157
Android,904161
Android,904167
Android,904202
Android,904210
IOS,904215
Android,904225
Android,904234
IOS,904241
Android,904251
IOS,904263
Android,904271
IOS,904275
IOS,904283
Android,904294
IOS,904300
Android,904303
Android,904309
IOS,904318
IOS,904319
Android,904321
Android,904323
Android,904328
Android,904339
IOS,904346
IOS,904348
IOS,904368
Android,904374
Android,904375
Android,904377
Windows phone,904392
Android,904394
Android,904399
IOS,904406
Android,904409
Android,904462
Android,904463
Android,904469
IOS,904483
Android,904484
Android,904502
IOS,904517
Android,904521
Android,904527
Android,904531
IOS,904533
Android,904543
Android,904730
Android,904817
Android,904823
Android,904908
IOS,904910
Android,904984
Android,905047
Android,905118
Android,905160
Android,905165
Android,905166
Android,905206
Android,905210
IOS,905215
Android,905257
Android,905267
IOS,905291
IOS,905345
Android,905366
Android,905457
Android,905587
IOS,905634
Android,905681
Android,905802
Android,905837
IOS,905871
Android,905935
IOS,905969
Android,906010
Android,906016
Android,906032
IOS,906036
Android,906038
IOS,906040
Android,906061
Android,906071
Android,906073
Android,906075
IOS,906077
Android,906079
Android,906083
IOS,906086
IOS,906087
Android,906090
Android,906100
Android,906101
Android,906104
Android,906105
IOS,906107
Android,906109
Android,906110
IOS,906111
Android,906118
IOS,906121
Android,906124
Android,906129
Android,906132
Android,906136
Windows phone,906137
Android,906141
Android,906142
Android,906147
Android,906148
Android,906149
Android,906151
IOS,906159
Android,906162
IOS,906165
Android,906166
Android,906174
Android,906175
Android,906176
Android,906178
Android,906179
IOS,906181
Other,906182
Android,906185
IOS,906189
Android,906197
IOS,906201
Android,906208
Android,906213
Android,906220
IOS,906221
IOS,906228
Android,906231
Android,906232
Android,906251
IOS,906253
IOS,906271
IOS,906275
Android,906279
Android,906280
IOS,906287
Android,906290
Android,906300
IOS,906328
Android,906332
IOS,906335
IOS,906343
Android,906355
Android,906361
Android,906374
Android,906375
Android,906388
Android,906398
Android,906403
Android,906406
Android,906420
Android,906430
Android,906432
IOS,906490
Windows phone,906493
Android,906494
Android,906499
IOS,906512
IOS,906535
Android,906563
IOS,906573
Android,906616
Windows phone,906712
Android,906758
Android,906768
IOS,906783
Android,906796
IOS,906908
IOS,906941
Android,906948
Android,906977
Android,907032
Android,907091
Android,907403
IOS,907445
IOS,907552
IOS,907560
IOS,907568
Windows phone,907683
Android,907747
IOS,907815
IOS,907893
Android,907904
IOS,908084
Android,908194
IOS,908351
Android,908397
Windows phone,908848
Android,908968
Android,908989
IOS,909068
Android,909102
Android,909302
Android,909559
IOS,909729
IOS,909885
Android,909950
Android,910284
Android,910325
Android,910376
Android,910591
Android,910777
Android,910914
Android,910983
Android,911158
Android,911366
IOS,911657
Android,911749
Android,911756
Android,911819
IOS,911950
Android,912013
Android,912250
Android,912259
IOS,912262
Android,912266
IOS,912269
Android,912271
Android,912276
IOS,912278
IOS,912280
IOS,912281
Android,912287
IOS,912289
Android,912292
Android,912293
Android,912296
Android,912303
Android,912305
Android,912306
Android,912310
IOS,912312
Android,912314
Android,912316
IOS,912317
Android,912322
Android,912324
Android,912329
IOS,912331
Android,912332
IOS,912334
IOS,912337
IOS,912341
Android,912343
Android,912345
Android,912346
IOS,912348
IOS,912351
IOS,912353
IOS,912354
IOS,912357
Android,912361
Android,912370
Android,912374
IOS,912375
Android,912378
Android,912382
Android,912383
IOS,912384
Android,912385
IOS,912388
Android,912390
Android,912393
IOS,912394
Android,912396
Android,912398
IOS,912399
Android,912400
Android,912402
Android,912405
Android,912406
Android,912408
Android,912409
IOS,912411
Android,912412
IOS,912413
Android,912415
Android,912418
Android,912426
Windows phone,912432
IOS,912437
IOS,912438
Android,912440
IOS,912441
Android,912442
Android,912445
IOS,912447
Android,912448
Android,912449
Android,912451
Android,912455
IOS,912459
Android,912468
IOS,912469
IOS,912472
Android,912473
Android,912478
Android,912479
Android,912480
Android,912486
Android,912492
Android,912495
Android,912499
Android,912502
IOS,912505
IOS,912508
IOS,912512
Android,912514
Android,912515
Android,912517
Android,912518
IOS,912519
Android,912527
Android,912529
Android,912530
Android,912535
Android,912539
Android,912548
Android,912551
Android,912552
IOS,912554
Android,912556
Android,912558
Android,912560
Android,912562
IOS,912568
Android,912570
Android,912571
Android,912575
IOS,912576
IOS,912580
Android,912584
Android,912593
IOS,912594
IOS,912596
IOS,912599
IOS,912602
Windows phone,912603
IOS,912608
Android,912614
Android,912618
IOS,912622
IOS,912624
Android,912625
IOS,912627
IOS,912630
IOS,912632
IOS,912634
IOS,912640
Android,912641
Android,912644
Android,912649
Android,912650
Android,912651
Android,912653
IOS,912654
Android,912656
Android,912658
IOS,912659
Android,912664
Android,912671
Android,912677
Android,912680
IOS,912681
Android,912688
Android,912694
Android,912695
IOS,912698
Android,912701
Android,912702
Android,912704
Android,912707
Android,912708
Android,912709
Android,912710
Android,912713
IOS,912714
IOS,912717
IOS,912719
Android,912727
Android,912730
IOS,912732
IOS,912734
IOS,912738
Android,912741
Android,912743
IOS,912744
Android,912752
Android,912754
IOS,912761
Android,912762
Windows phone,912763
Android,912766
Android,912767
Android,912771
Android,912773
IOS,912779
Android,912781
Android,912791
Android,912812
Android,912819
Android,912836
Other,912855
Android,912856
Android,912888
IOS,912895
IOS,912908
IOS,912911
Android,912914
Android,912921
Android,912934
Android,912938
Android,912944
Android,912953
Android,912964
IOS,912966
IOS,912969
Android,912970
IOS,912978
IOS,912983
Android,912984
Android,912985
IOS,912990
Android,912998
Android,912999
Android,913008
Android,913012
Android,913014
Android,913020
Android,913021
Android,913028
Android,913030
IOS,913031
Android,913034
Android,913036
Windows phone,913037
Android,913040
IOS,913043
Android,913047
Android,913053
Android,913058
IOS,913060
Android,913068
IOS,913069
Android,913078
IOS,913079
IOS,913081
IOS,913082
Android,913087
IOS,913095
IOS,913097
Android,913101
IOS,913108
Android,913110
IOS,913118
Android,913119
Android,913122
Android,913126
IOS,913128
Android,913133
Android,913134
Android,913137
Android,913139
Windows phone,913147
Android,913149
IOS,913156
Android,913158
Android,913159
Windows phone,913161
IOS,913164
IOS,913166
Android,913169
IOS,913173
IOS,913179
IOS,913183
Android,913191
IOS,913198
Android,913201
IOS,913205
Android,913209
Android,913211
Android,913212
IOS,913216
Android,913243
Android,913251
Android,913265
Android,913278
Android,913286
Android,913287
Android,913310
IOS,913314
Android,913317
Android,913319
IOS,913321
Android,913338
Android,913342
IOS,913393
IOS,913426
IOS,913427
Android,913435
IOS,913449
Android,913450
Windows phone,913453
Android,913460
Android,913467
Android,913475
Android,913477
Android,913480
IOS,913483
Android,913486
Other,913491
IOS,913493
IOS,913505
Android,913515
Android,913516
IOS,913525
Android,913534
IOS,913535
Android,913537
Android,913539
Android,913547
Android,913555
Android,913566
Android,913580
Android,913588
IOS,913590
IOS,913595
Android,913596
IOS,913600
IOS,913602
IOS,913609
IOS,913624
IOS,913633
IOS,913751
IOS,913829
IOS,913830
Android,913885
Android,913908
Android,913979
IOS,914013
Android,914020
Android,914049
Android,914090
IOS,914162
Android,914250
Android,914256
IOS,914260
Android,914278
IOS,914283
Android,914315
IOS,914342
Android,914352
IOS,914386
Android,914417
Android,914420
Android,914422
Android,914425
IOS,914429
Android,914440
Android,914447
IOS,914476
Android,914522
Android,914532
IOS,914554
Android,914560
IOS,914586
Android,914620
IOS,914636
IOS,914652
Android,914678
IOS,914687
Android,914706
IOS,914709
Android,914743
Android,914753
IOS,914765
Android,914770
IOS,914816
Android,914835
Android,914839
Android,914864
IOS,914895
Android,914913
Android,914924
Android,914948
IOS,915013
Android,915017
Android,915023
Android,915049
Android,915087
IOS,915107
Android,915122
Android,915129
Windows phone,915141
IOS,915150
Android,915170
IOS,915175
Android,915192
Android,915206
IOS,915222
IOS,915240
Android,915270
Android,915291
Android,915338
Android,915362
IOS,915414
IOS,915418
IOS,915437
Android,915454
Android,915472
Android,915490
IOS,915507
IOS,915521
IOS,915522
IOS,915539
Android,915545
IOS,915564
Android,915566
Android,915586
Android,915607
Android,915610
Android,915614
IOS,915616
Android,915625
Windows phone,915660
Android,915668
IOS,915685
IOS,915704
Android,915723
Android,915747
Android,915750
Android,915755
Android,915758
Android,915778
Android,915810
IOS,915811
IOS,915812
Android,915832
Windows phone,915834
Android,915841
Android,915847
Android,915851
IOS,915861
Windows phone,915869
Android,915887
IOS,915894
Android,915897
IOS,915909
Android,915919
IOS,915938
IOS,915958
Android,915983
Android,915994
Android,916025
Android,916026
Android,916035
Android,916043
Android,916065
Android,916066
IOS,916069
Android,916072
Android,916076
IOS,916080
Android,916091
IOS,916098
IOS,916118
Windows phone,916133
IOS,916139
Android,916140
Android,916159
Android,916166
Android,916167
Android,916176
Android,916189
Android,916196
Android,916197
Android,916198
Android,916208
Android,916215
Android,916225
IOS,916237
Android,916265
Android,916267
Android,916281
IOS,916306
Android,916309
Android,916313
Android,916321
IOS,916326
Android,916335
IOS,916340
Android,916355
Android,916359
Android,916374
Android,916378
IOS,916385
Android,916389
IOS,916399
Android,916406
Android,916439
IOS,916469
Android,916483
IOS,916500
IOS,916506
IOS,916514
Android,916519
Android,916534
Android,916547
Android,916560
Android,916567
Android,916583
Android,916584
Windows phone,916603
IOS,916624
IOS,916632
Android,916646
Android,916654
Android,916658
Android,916666
IOS,916676
IOS,916681
Android,916683
Android,916705
IOS,916721
Android,916723
Android,916728
IOS,916730
IOS,916735
Android,916747
Android,916757
Windows phone,916787
Android,916793
IOS,916794
Android,916797
IOS,916799
Android,916811
Android,916813
Android,916815
IOS,916819
IOS,916822
IOS,916823
Android,916828
Android,916831
Android,916835
IOS,916838
IOS,916843
Android,916847
IOS,916861
IOS,916864
Android,916866
IOS,916867
IOS,916875
Android,916877
IOS,916885
Android,916887
IOS,916889
Android,916894
Android,916909
IOS,916911
Android,916926
Android,916933
Android,916939
Android,916941
IOS,916943
IOS,916950
Android,916975
IOS,916980
Android,916984
Android,916992
Android,916995
Android,916996
IOS,916997
Android,917005
IOS,917006
Android,917007
Android,917012
IOS,917025
Android,917035
Android,917037
Android,917038
Android,917043
IOS,917052
IOS,917058
IOS,917060
Android,917063
IOS,917066
Android,917072
Android,917073
Android,917076
Android,917079
IOS,917083
Android,917085
Android,917090
Android,917098
Android,917100
IOS,917107
Android,917108
Android,917109
IOS,917115
IOS,917140
Android,917142
IOS,917146
Android,917153
Android,917155
IOS,917167
Android,917169
Android,917173
IOS,917175
Android,917178
Android,917188
IOS,917207
IOS,917211
Android,917228
Android,917231
Android,917246
IOS,917247
Android,917248
Android,917251
IOS,917255
IOS,917257
Android,917260
Android,917264
Android,917273
IOS,917283
IOS,917286
Android,917290
IOS,917296
Android,917297
Android,917299
Android,917300
IOS,917301
Android,917311
Android,917318
Android,917319
Android,917321
Android,917325
IOS,917327
IOS,917329
IOS,917343
Android,917344
Android,917346
IOS,917351
Android,917353
IOS,917354
Android,917356
Android,917357
IOS,917361
Android,917363
IOS,917365
IOS,917370
IOS,917372
Android,917373
Android,917385
Android,917392
Android,917403
IOS,917406
Android,917407
Android,917411
IOS,917412
IOS,917413
Android,917421
IOS,917427
Android,917432
Android,917435
IOS,917436
Android,917441
Android,917448
Android,917454
Android,917465
Android,917480
Android,917490
Android,917497
IOS,917506
IOS,917521
IOS,917528
Android,917533
Android,917542
Android,917544
Android,917556
Android,917560
Android,917564
Android,917566
Android,917573
Android,917574
Android,917586
Android,917594
Android,917603
Android,917608
Android,917609
Android,917610
Android,917613
Android,917617
Android,917623
Android,917626
Android,917627
Android,917628
Android,917632
IOS,917635
Android,917649
Android,917650
IOS,917653
IOS,917654
Android,917661
Android,917663
Android,917667
Android,917671
Android,917674
Android,917677
Android,917684
IOS,917693
Android,917698
Android,917699
Android,917711
Android,917713
Windows phone,917714
Android,917722
Android,917731
Android,917738
Windows phone,917759
IOS,917767
Android,917772
Android,917773
Android,917798
Android,917803
Android,917812
Other,917821
IOS,917838
Android,917843
IOS,917846
IOS,917849
Android,917851
IOS,917861
Android,917862
Android,917875
Android,917877
IOS,917883
IOS,917886
Android,917890
Android,917891
Android,917898
Android,917904
Android,917915
Android,917920
Android,917922
Android,917925
Android,917928
IOS,917933
Android,917948
IOS,917949
IOS,917950
IOS,917954
Android,917958
Android,917962
Android,917974
IOS,917984
Android,917996
IOS,917997
Android,918004
IOS,918011
IOS,918025
Windows phone,918026
Android,918032
IOS,918034
Android,918039
Android,918052
IOS,918054
IOS,918055
Android,918060
Windows phone,918077
Android,918080
IOS,918083
Android,918090
Android,918098
Android,918103
IOS,918109
Android,918119
IOS,918120
Android,918152
Windows phone,918155
Android,918157
IOS,918161
Android,918169
Android,918170
Android,918172
Android,918173
IOS,918181
Android,918186
Android,918192
Android,918196
Android,918201
Android,918205
IOS,918207
Android,918208
IOS,918217
IOS,918224
IOS,918225
IOS,918235
IOS,918237
Android,918260
Android,918272
Android,918278
IOS,918280
IOS,918282
Android,918283
Android,918286
IOS,918298
Android,918299
Android,918314
Android,918318
Android,918322
Android,918323
Android,918328
Android,918329
Android,918338
IOS,918347
Windows phone,918350
Android,918358
Android,918367
Android,918368
Android,918396
Android,918398
Android,918407
Android,918418
Android,918419
Android,918429
IOS,918431
IOS,918441
IOS,918445
Android,918451
Android,918456
Android,918475
Android,918476
Android,918515
IOS,918529
Android,918536
Android,918548
Android,918556
IOS,918597
IOS,918614
Windows phone,918624
Android,918626
Android,918639
Android,918657
Android,918690
Android,918694
Android,918703
IOS,918705
Android,918710
Android,918730
Android,918742
Android,918765
IOS,918769
Android,918773
Android,918775
Android,918796
Android,918801
IOS,918810
IOS,918818
IOS,918823
Android,918856
IOS,918873
Android,918906
Android,918919
Windows phone,918943
IOS,918999
Android,919062
Android,919073
IOS,919076
Android,919210
Android,919262
IOS,919349
IOS,919350
IOS,919369
Android,919704
Android,919792
Android,920108
Android,920182
Android,920740
Windows phone,920779
Android,921894
IOS,922482
Android,922584
Android,923756
IOS,923761
Android,923843
IOS,924237
Android,924315
Android,924521
Android,924570
Android,924737
Android,924749
Android,924965
Android,925177
Android,925654
Android,925728
Android,925738
Android,925876
Android,926086
Android,926360
IOS,927058
Android,927084
IOS,927147
Android,927197
Android,927390
Android,927818
