PPVFreq,CustomerID
Rarely,877687
Never,877723
Weekly,877757
Weekly,877792
Weekly,877840
Rarely,877988
Weekly,878821
Rarely,878822
Weekly,878842
Weekly,878855
Weekly,878871
Never,878907
Weekly,878908
Never,878912
Weekly,878919
Never,878974
Weekly,878977
Never,878993
Never,879011
Rarely,879017
Weekly,879020
Rarely,879033
Never,879055
Weekly,879061
Never,879072
Rarely,879232
Monthly,879264
Never,879306
Weekly,879310
Weekly,879403
Weekly,879453
Never,879454
Weekly,879478
Weekly,879500
Weekly,879535
Weekly,879889
Rarely,879926
Weekly,881801
Rarely,882315
Never,882316
Rarely,882319
Never,882320
Never,882321
Weekly,882324
Rarely,882325
Never,882326
Never,882328
Weekly,882330
Weekly,882332
Never,882333
Rarely,882336
Never,882337
Rarely,882340
Never,882341
Weekly,882342
Never,882343
Rarely,882346
Rarely,882348
Weekly,882350
Never,882351
Never,882354
Weekly,882356
Never,882357
Monthly,882358
Rarely,882359
Rarely,882360
Never,882364
Never,882366
Weekly,882367
Weekly,882368
Monthly,882371
Weekly,882372
Never,882375
Never,882376
Never,882377
Weekly,882382
Never,882383
Rarely,882387
Rarely,882388
Weekly,882391
Weekly,882392
Never,882393
Never,882395
Monthly,882397
Rarely,882398
Weekly,882402
Never,882403
Never,882407
Monthly,882409
Weekly,882410
Rarely,882413
Never,882414
Never,882415
Never,882419
Weekly,882423
Never,882424
Never,882425
Weekly,882426
Never,882428
Never,882429
Weekly,882433
Rarely,882434
Weekly,882435
Never,882437
Rarely,882439
Never,882440
Never,882442
Monthly,882444
Weekly,882446
Weekly,882449
Never,882451
Rarely,882452
Never,882457
Weekly,882459
Never,882462
Never,882463
Never,882464
Rarely,882465
Never,882467
Weekly,882469
Rarely,882471
Monthly,882475
Rarely,882476
Rarely,882478
Weekly,882479
Never,882481
Never,882482
Weekly,882483
Never,882484
Rarely,882491
Weekly,882494
Weekly,882497
Monthly,882500
Never,882501
Rarely,882503
Never,882504
Weekly,882506
Weekly,882507
Never,882508
Weekly,882512
Never,882515
Never,882517
Weekly,882518
Never,882521
Weekly,882522
Never,882523
Rarely,882527
Rarely,882531
Rarely,882532
Never,882535
Monthly,882537
Weekly,882543
Rarely,882545
Monthly,882550
Never,882551
Weekly,882553
Never,882559
Never,882560
Never,882563
Weekly,882564
Never,882565
Never,882569
Never,882573
Rarely,882574
Never,882576
Monthly,882577
Weekly,882578
Never,882581
Rarely,882583
Rarely,882585
Weekly,882587
Never,882590
Weekly,882591
Weekly,882593
Never,882594
Rarely,882597
Weekly,882599
Never,882600
Weekly,882602
Rarely,882607
Rarely,882608
Weekly,882609
Weekly,882612
Weekly,882616
Monthly,882621
Never,882622
Rarely,882623
Never,882626
Never,882627
Never,882628
Weekly,882631
Rarely,882632
Weekly,882636
Rarely,882638
Never,882639
Never,882640
Rarely,882645
Rarely,882648
Rarely,882650
Never,882652
Never,882656
Never,882658
Rarely,882660
Never,882666
Never,882667
Weekly,882674
Rarely,882677
Never,882678
Rarely,882683
Never,882684
Never,882685
Never,882693
Never,882694
Weekly,882699
Weekly,882700
Rarely,882701
Weekly,882705
Never,882709
Monthly,882713
Weekly,882715
Monthly,882720
Never,882721
Rarely,882728
Weekly,882729
Never,882731
Never,882735
Never,882737
Never,882738
Rarely,882739
Never,882741
Monthly,882745
Never,882747
Never,882750
Never,882752
Weekly,882756
Rarely,882757
Never,882760
Weekly,882763
Never,882766
Weekly,882768
Never,882769
Rarely,882772
Weekly,882775
Never,882778
Never,882783
Never,882784
Never,882787
Weekly,882793
Never,882796
Never,882799
Weekly,882801
Rarely,882804
Rarely,882807
Rarely,882808
Never,882812
Rarely,882816
Never,882817
Never,882821
Never,882824
Never,882827
Monthly,882828
Weekly,882830
Monthly,882837
Never,882844
Never,882853
Never,882856
Rarely,882859
Weekly,882868
Weekly,882869
Weekly,882886
Rarely,882891
Never,882896
Never,882902
Rarely,882910
Rarely,882911
Rarely,882919
Weekly,882923
Weekly,882927
Never,882932
Never,882934
Never,882936
Never,882938
Never,882941
Weekly,882942
Rarely,882945
Never,882951
Never,882955
Weekly,882957
Rarely,882959
Never,882961
Rarely,882962
Rarely,882963
Never,882964
Rarely,882969
Never,882971
Weekly,882973
Never,882975
Weekly,882977
Never,882984
Weekly,882987
Rarely,882989
Never,882991
Weekly,882994
Weekly,882999
Weekly,883011
Weekly,883016
Weekly,883018
Weekly,883021
Weekly,883028
Rarely,883035
Never,883043
Monthly,883047
Weekly,883062
Rarely,883064
Weekly,883072
Weekly,883077
Weekly,883079
Rarely,883085
Weekly,883102
Never,883115
Monthly,883122
Never,883127
Never,883161
Weekly,883169
Never,883175
Never,883247
Never,883334
Weekly,883364
Never,883388
Monthly,883405
Weekly,883418
Weekly,883424
Weekly,883432
Weekly,883438
Weekly,883441
Rarely,883444
Rarely,883446
Weekly,883449
Weekly,883450
Never,883455
Rarely,883457
Never,883459
Never,883463
Never,883467
Weekly,883476
Weekly,883483
Weekly,883486
Never,883494
Never,883498
Weekly,883507
Weekly,883513
Weekly,883522
Weekly,883526
Weekly,883527
Weekly,883546
Monthly,883554
Rarely,883556
Weekly,883565
Never,883571
Rarely,883573
Weekly,883597
Monthly,883598
Never,883613
Weekly,883619
Weekly,883624
Rarely,883631
Never,883632
Never,883665
Weekly,883670
Never,883696
Weekly,883716
Weekly,883724
Never,883730
Never,883736
Weekly,883739
Never,883753
Never,883768
Weekly,883773
Never,883790
Never,883808
Rarely,883878
Weekly,883931
Weekly,883950
Weekly,883956
Rarely,883979
Weekly,884001
Monthly,884080
Never,884112
Never,884199
Never,884217
Never,884225
Never,884248
Never,884270
Never,884303
Rarely,884339
Monthly,884357
Weekly,884384
Never,884423
Weekly,884596
Weekly,884624
Weekly,884673
Weekly,884717
Weekly,884766
Rarely,884789
Never,884804
Never,884848
Never,884851
Never,884856
Never,884859
Never,884860
Never,884862
Never,884867
Never,884870
Never,884872
Never,884873
Weekly,884878
Never,884879
Weekly,884881
Never,884887
Never,884892
Never,884895
Rarely,884897
Never,884899
Rarely,884908
Weekly,884909
Never,884912
Weekly,884913
Never,884914
Weekly,884916
Monthly,884919
Never,884920
Never,884921
Never,884924
Never,884926
Never,884931
Never,884932
Weekly,884939
Weekly,884945
Weekly,884947
Never,884948
Never,884949
Never,884951
Never,884954
Rarely,884955
Weekly,884960
Weekly,884961
Never,884964
Never,884965
Never,884970
Weekly,884971
Rarely,884976
Rarely,884979
Weekly,884980
Never,884987
Never,884988
Weekly,884989
Never,884995
Weekly,884997
Never,884999
Never,885001
Weekly,885004
Weekly,885008
Monthly,885017
Rarely,885024
Weekly,885032
Never,885039
Weekly,885041
Never,885044
Never,885047
Weekly,885052
Weekly,885056
Weekly,885063
Never,885072
Never,885075
Never,885076
Never,885079
Never,885084
Never,885085
Never,885086
Rarely,885097
Never,885103
Rarely,885104
Never,885107
Never,885126
Weekly,885129
Weekly,885149
Never,885152
Never,885159
Never,885163
Never,885168
Never,885199
Never,885210
Weekly,885220
Monthly,885227
Never,885229
Never,885237
Never,885260
Never,885269
Weekly,885279
Never,885282
Never,885292
Weekly,885297
Weekly,885301
Rarely,885314
Weekly,885316
Never,885321
Never,885341
Never,885344
Rarely,885350
Weekly,885360
Never,885362
Never,885365
Never,885373
Never,885379
Monthly,885383
Rarely,885396
Never,885416
Weekly,885449
Never,885491
Never,885544
Rarely,885565
Never,885582
Never,885638
Weekly,885715
Never,885811
Never,885839
Rarely,885914
Weekly,886081
Never,886169
Never,886213
Weekly,886308
Never,886445
Weekly,886455
Weekly,886888
Weekly,886898
Weekly,886938
Monthly,886984
Never,886993
Weekly,887015
Never,887022
Rarely,887026
Never,887086
Never,887298
Monthly,887309
Weekly,887325
Rarely,887335
Weekly,887347
Never,887376
Never,887420
Weekly,887509
Never,887609
Never,887618
Weekly,887658
Monthly,887666
Never,887871
Weekly,887894
Weekly,887898
Never,887903
Never,887905
Never,887908
Rarely,887913
Monthly,887917
Never,887920
Never,887924
Never,887925
Never,887929
Rarely,887933
Never,887934
Never,887936
Weekly,887939
Never,887941
Weekly,887945
Weekly,887946
Never,887947
Never,887949
Weekly,887952
Weekly,887954
Never,887955
Weekly,887957
Rarely,887962
Never,887963
Weekly,887966
Never,887968
Never,887969
Never,887973
Never,887979
Weekly,887982
Weekly,887987
Never,887989
Rarely,887990
Weekly,887991
Weekly,887992
Monthly,887995
Never,887999
Weekly,888005
Never,888006
Weekly,888007
Never,888008
Rarely,888014
Never,888017
Weekly,888018
Rarely,888019
Weekly,888020
Never,888021
Weekly,888025
Rarely,888027
Rarely,888028
Never,888029
Weekly,888031
Weekly,888032
Monthly,888033
Never,888038
Never,888041
Never,888045
Weekly,888049
Never,888050
Rarely,888054
Rarely,888055
Weekly,888057
Rarely,888059
Rarely,888060
Weekly,888061
Weekly,888064
Rarely,888067
Never,888069
Weekly,888071
Never,888077
Never,888078
Never,888079
Never,888080
Never,888083
Never,888084
Never,888085
Rarely,888086
Weekly,888090
Rarely,888091
Never,888094
Never,888095
Weekly,888101
Weekly,888104
Never,888106
Rarely,888108
Never,888110
Never,888112
Weekly,888114
Never,888115
Never,888119
Never,888121
Rarely,888123
Never,888125
Rarely,888126
Never,888127
Weekly,888130
Never,888131
Weekly,888133
Never,888137
Never,888138
Weekly,888139
Never,888140
Weekly,888142
Never,888144
Weekly,888146
Rarely,888148
Rarely,888149
Rarely,888153
Rarely,888154
Never,888155
Never,888156
Weekly,888157
Weekly,888158
Rarely,888161
Never,888165
Never,888170
Never,888172
Rarely,888175
Weekly,888177
Never,888178
Rarely,888179
Never,888199
Never,888211
Never,888213
Rarely,888218
Monthly,888227
Weekly,888228
Weekly,888265
Weekly,888268
Rarely,888278
Never,888287
Never,888297
Never,888302
Rarely,888325
Never,888341
Rarely,888342
Never,888344
Rarely,888355
Never,888358
Weekly,888368
Weekly,888371
Never,888378
Never,888386
Rarely,888388
Never,888389
Never,888399
Weekly,888418
Never,888420
Never,888425
Weekly,888431
Weekly,888437
Never,888449
Weekly,888451
Never,888455
Never,888457
Never,888466
Never,888472
Weekly,888474
Monthly,888493
Never,888501
Never,888504
Weekly,888510
Weekly,888513
Never,888522
Weekly,888529
Weekly,888533
Weekly,888535
Weekly,888544
Never,888549
Never,888551
Rarely,888556
Never,888560
Never,888563
Weekly,888565
Rarely,888567
Rarely,888568
Never,888582
Never,888589
Never,888591
Rarely,888592
Never,888593
Never,888594
Weekly,888600
Never,888601
Rarely,888606
Monthly,888608
Weekly,888613
Never,888618
Never,888619
Never,888621
Never,888622
Rarely,888630
Never,888634
Never,888637
Weekly,888650
Rarely,888651
Never,888652
Weekly,888655
Weekly,888660
Rarely,888663
Never,888665
Never,888667
Never,888671
Weekly,888673
Weekly,888679
Rarely,888681
Never,888684
Rarely,888686
Weekly,888695
Never,888696
Weekly,888698
Never,888699
Never,888703
Never,888704
Rarely,888705
Never,888708
Weekly,888710
Weekly,888712
Rarely,888713
Never,888722
Weekly,888723
Never,888727
Monthly,888730
Weekly,888731
Rarely,888732
Never,888733
Weekly,888734
Weekly,888736
Never,888738
Never,888739
Never,888743
Never,888749
Weekly,888752
Never,888753
Rarely,888760
Rarely,888762
Monthly,888764
Weekly,888767
Never,888769
Never,888773
Never,888777
Never,888778
Weekly,888787
Weekly,888788
Never,888790
Never,888794
Monthly,888796
Never,888799
Weekly,888807
Never,888808
Rarely,888810
Rarely,888811
Monthly,888813
Rarely,888814
Never,888815
Rarely,888821
Weekly,888823
Rarely,888827
Weekly,888829
Never,888831
Never,888836
Rarely,888838
Rarely,888842
Never,888844
Never,888846
Never,888847
Never,888848
Never,888856
Never,888857
Never,888863
Rarely,888864
Weekly,888865
Rarely,888868
Weekly,888871
Never,888872
Never,888875
Never,888883
Never,888884
Never,888890
Rarely,888891
Weekly,888895
Rarely,888899
Weekly,888902
Never,888909
Never,888910
Weekly,888917
Daily,888920
Never,888922
Never,888924
Never,888927
Weekly,888928
Never,888931
Never,888938
Weekly,888940
Rarely,888942
Rarely,888944
Never,888945
Weekly,888946
Never,888947
Weekly,888951
Rarely,888956
Weekly,888960
Never,888961
Weekly,888967
Weekly,888973
Rarely,888976
Never,888978
Weekly,888979
Rarely,888980
Never,888981
Weekly,888982
Rarely,888987
Monthly,888988
Weekly,888991
Never,888997
Rarely,888998
Never,889002
Never,889005
Never,889006
Weekly,889007
Weekly,889008
Rarely,889010
Weekly,889014
Weekly,889022
Never,889024
Never,889025
Never,889026
Never,889028
Never,889031
Rarely,889034
Never,889037
Never,889038
Daily,889040
Never,889047
Never,889048
Monthly,889050
Never,889051
Weekly,889052
Never,889062
Never,889064
Never,889066
Rarely,889072
Never,889073
Never,889074
Never,889075
Weekly,889077
Never,889078
Weekly,889088
Weekly,889090
Weekly,889094
Weekly,889095
Rarely,889098
Rarely,889100
Rarely,889109
Never,889110
Never,889113
Weekly,889119
Monthly,889122
Weekly,889123
Rarely,889126
Rarely,889130
Never,889132
Never,889134
Rarely,889135
Never,889139
Never,889144
Never,889146
Never,889147
Never,889150
Weekly,889152
Never,889154
Weekly,889155
Weekly,889159
Rarely,889161
Weekly,889162
Rarely,889164
Weekly,889165
Weekly,889167
Never,889170
Weekly,889173
Never,889174
Never,889175
Never,889178
Never,889179
Weekly,889182
Monthly,889186
Never,889188
Weekly,889191
Never,889195
Rarely,889197
Never,889202
Never,889205
Weekly,889207
Never,889210
Rarely,889212
Never,889215
Weekly,889218
Never,889219
Never,889220
Never,889221
Rarely,889223
Never,889227
Rarely,889228
Weekly,889231
Never,889233
Weekly,889236
Never,889237
Weekly,889238
Never,889241
Never,889243
Never,889245
Never,889250
Weekly,889251
Never,889254
Never,889256
Rarely,889257
Never,889260
Never,889261
Never,889262
Never,889264
Never,889267
Weekly,889268
Never,889270
Rarely,889275
Weekly,889276
Never,889277
Never,889280
Rarely,889281
Weekly,889282
Rarely,889283
Never,889284
Never,889285
Rarely,889287
Never,889291
Weekly,889292
Rarely,889297
Never,889299
Never,889304
Never,889306
Weekly,889307
Never,889309
Never,889310
Rarely,889312
Never,889317
Never,889318
Weekly,889319
Never,889328
Never,889332
Never,889334
Never,889337
Rarely,889339
Monthly,889340
Weekly,889345
Never,889346
Never,889347
Rarely,889349
Rarely,889350
Never,889358
Monthly,889361
Never,889374
Never,889376
Rarely,889378
Never,889379
Monthly,889380
Rarely,889381
Never,889385
Never,889386
Weekly,889387
Weekly,889390
Daily,889393
Rarely,889394
Never,889396
Monthly,889399
Never,889400
Never,889404
Never,889405
Never,889407
Never,889409
Weekly,889411
Monthly,889413
Never,889414
Weekly,889417
Rarely,889423
Weekly,889424
Weekly,889426
Never,889429
Rarely,889430
Never,889431
Rarely,889435
Never,889440
Monthly,889441
Never,889443
Monthly,889452
Weekly,889456
Rarely,889463
Never,889465
Weekly,889468
Weekly,889471
Never,889477
Weekly,889478
Never,889480
Monthly,889481
Monthly,889483
Rarely,889484
Weekly,889487
Weekly,889494
Rarely,889496
Weekly,889499
Never,889503
Weekly,889504
Never,889508
Weekly,889509
Monthly,889511
Weekly,889512
Weekly,889513
Rarely,889517
Weekly,889519
Weekly,889525
Never,889533
Weekly,889534
Weekly,889538
Never,889544
Never,889555
Weekly,889556
Weekly,889557
Weekly,889563
Rarely,889566
Never,889569
Weekly,889570
Weekly,889575
Never,889576
Monthly,889578
Weekly,889579
Never,889584
Weekly,889585
Rarely,889586
Never,889588
Weekly,889589
Rarely,889592
Weekly,889595
Never,889597
Rarely,889598
Never,889600
Never,889601
Weekly,889603
Weekly,889611
Never,889613
Rarely,889614
Weekly,889620
Rarely,889622
Never,889628
Never,889629
Never,889630
Rarely,889633
Weekly,889637
Never,889641
Never,889642
Weekly,889643
Monthly,889645
Never,889657
Never,889661
Never,889663
Never,889664
Never,889666
Rarely,889667
Rarely,889670
Rarely,889671
Weekly,889674
Never,889675
Never,889679
Monthly,889680
Rarely,889681
Never,889686
Weekly,889687
Monthly,889690
Never,889691
Weekly,889693
Never,889701
Monthly,889702
Never,889704
Rarely,889705
Rarely,889709
Weekly,889711
Never,889713
Rarely,889715
Never,889717
Never,889718
Monthly,889719
Never,889720
Monthly,889721
Never,889724
Rarely,889730
Monthly,889731
Rarely,889732
Never,889736
Rarely,889738
Never,889739
Never,889740
Never,889742
Never,889743
Rarely,889745
Never,889749
Never,889752
Never,889753
Never,889755
Never,889757
Monthly,889759
Never,889761
Monthly,889762
Never,889768
Never,889769
Never,889770
Weekly,889773
Monthly,889774
Weekly,889775
Rarely,889776
Rarely,889777
Never,889779
Never,889783
Weekly,889784
Never,889785
Rarely,889788
Weekly,889790
Weekly,889791
Rarely,889792
Rarely,889793
Never,889794
Never,889795
Rarely,889797
Never,889801
Monthly,889806
Never,889809
Weekly,889812
Weekly,889813
Rarely,889815
Never,889816
Never,889817
Rarely,889818
Monthly,889821
Never,889822
Weekly,889823
Never,889826
Never,889827
Rarely,889831
Never,889832
Rarely,889834
Never,889838
Weekly,889839
Never,889842
Never,889843
Never,889844
Never,889847
Monthly,889848
Never,889851
Weekly,889853
Never,889858
Rarely,889859
Never,889861
Never,889862
Rarely,889864
Never,889866
Rarely,889868
Weekly,889869
Never,889871
Weekly,889872
Rarely,889877
Never,889878
Weekly,889880
Monthly,889882
Never,889883
Never,889885
Never,889886
Never,889887
Weekly,889892
Never,889893
Rarely,889894
Weekly,889895
Weekly,889896
Never,889897
Never,889900
Never,889901
Never,889903
Weekly,889905
Weekly,889906
Monthly,889911
Never,889912
Weekly,889915
Rarely,889918
Never,889920
Never,889921
Weekly,889926
Never,889931
Rarely,889932
Rarely,889937
Never,889938
Rarely,889942
Rarely,889944
Rarely,889947
Rarely,889950
Never,889952
Never,889956
Weekly,889958
Weekly,889960
Weekly,889965
Rarely,889969
Never,889973
Monthly,889975
Weekly,889977
Rarely,889978
Never,889981
Never,889982
Monthly,889984
Never,889986
Weekly,889987
Never,889989
Never,889991
Never,889995
Weekly,889996
Never,889997
Weekly,890000
Never,890006
Never,890012
Monthly,890013
Never,890014
Monthly,890019
Monthly,890022
Rarely,890023
Never,890027
Never,890028
Rarely,890030
Rarely,890031
Never,890034
Rarely,890036
Rarely,890040
Weekly,890047
Rarely,890051
Weekly,890052
Weekly,890055
Rarely,890056
Rarely,890057
Weekly,890059
Rarely,890061
Rarely,890062
Never,890065
Never,890067
Never,890070
Never,890073
Weekly,890074
Weekly,890076
Rarely,890079
Rarely,890080
Monthly,890083
Never,890085
Never,890086
Never,890089
Never,890091
Never,890092
Never,890093
Never,890094
Rarely,890096
Rarely,890098
Rarely,890099
Never,890100
Never,890102
Never,890104
Never,890105
Weekly,890107
Weekly,890111
Never,890114
Never,890115
Weekly,890119
Weekly,890122
Rarely,890124
Monthly,890125
Rarely,890127
Weekly,890131
Never,890133
Rarely,890134
Never,890136
Monthly,890138
Rarely,890141
Rarely,890142
Never,890146
Never,890147
Weekly,890148
Monthly,890150
Weekly,890153
Rarely,890155
Rarely,890156
Never,890160
Never,890161
Weekly,890163
Rarely,890178
Never,890180
Never,890200
Rarely,890213
Rarely,890215
Never,890220
Rarely,890240
Never,890242
Rarely,890248
Never,890251
Never,890254
Never,890257
Rarely,890260
Never,890264
Never,890265
Rarely,890267
Monthly,890273
Never,890275
Weekly,890276
Never,890279
Weekly,890288
Never,890292
Rarely,890293
Rarely,890299
Never,890300
Rarely,890302
Never,890304
Rarely,890306
Weekly,890317
Never,890319
Rarely,890323
Never,890324
Weekly,890326
Never,890329
Never,890333
Weekly,890334
Rarely,890335
Never,890338
Monthly,890342
Weekly,890353
Weekly,890362
Monthly,890371
Rarely,890378
Never,890389
Never,890393
Weekly,890398
Never,890406
Never,890416
Rarely,890420
Weekly,890428
Monthly,890440
Never,890443
Never,890445
Never,890455
Weekly,890459
Never,890461
Weekly,890470
Never,890475
Never,890477
Never,890478
Rarely,890482
Never,890490
Rarely,890494
Rarely,890497
Weekly,890514
Rarely,890516
Never,890520
Never,890529
Rarely,890533
Never,890541
Never,890551
Never,890565
Never,890570
Rarely,890571
Never,890594
Rarely,890597
Weekly,890603
Never,890606
Weekly,890621
Weekly,890657
Monthly,890663
Weekly,890671
Rarely,890684
Weekly,890687
Weekly,890698
Weekly,890706
Rarely,890707
Weekly,890708
Never,890717
Weekly,890719
Weekly,890727
Never,890736
Rarely,890737
Never,890741
Weekly,890743
Never,890745
Rarely,890758
Never,890769
Weekly,890777
Weekly,890783
Never,890801
Rarely,890834
Never,890841
Rarely,890846
Weekly,890870
Monthly,890871
Weekly,890881
Weekly,890883
Never,890891
Never,890892
Never,890896
Rarely,890903
Monthly,890911
Weekly,890912
Never,890918
Weekly,890920
Monthly,890923
Weekly,890930
Never,890940
Rarely,890942
Weekly,890951
Rarely,890975
Rarely,890984
Never,890989
Never,890999
Never,891017
Never,891018
Never,891022
Never,891024
Never,891032
Weekly,891040
Monthly,891055
Rarely,891058
Weekly,891063
Monthly,891074
Weekly,891088
Never,891103
Monthly,891117
Weekly,891126
Never,891134
Rarely,891138
Never,891175
Rarely,891185
Monthly,891225
Weekly,891235
Never,891237
Rarely,891256
Never,891260
Never,891279
Monthly,891283
Never,891294
Weekly,891296
Never,891304
Never,891314
Weekly,891321
Rarely,891326
Weekly,891333
Weekly,891335
Weekly,891358
Never,891361
Weekly,891369
Weekly,891372
Rarely,891374
Weekly,891376
Weekly,891378
Weekly,891384
Monthly,891385
Weekly,891394
Rarely,891396
Rarely,891397
Never,891402
Weekly,891409
Never,891410
Monthly,891411
Rarely,891422
Weekly,891425
Monthly,891426
Never,891430
Never,891431
Rarely,891433
Weekly,891434
Never,891435
Weekly,891441
Rarely,891450
Rarely,891451
Never,891454
Never,891456
Never,891457
Weekly,891467
Never,891469
Rarely,891471
Never,891475
Weekly,891480
Weekly,891481
Never,891483
Monthly,891484
Rarely,891487
Never,891492
Never,891496
Never,891500
Weekly,891501
Rarely,891511
Never,891512
Never,891513
Never,891514
Never,891520
Never,891522
Monthly,891523
Rarely,891524
Rarely,891526
Never,891532
Never,891537
Monthly,891539
Rarely,891540
Weekly,891545
Never,891549
Monthly,891550
Rarely,891551
Never,891553
Weekly,891559
Rarely,891564
Rarely,891565
Never,891573
Rarely,891576
Monthly,891580
Never,891586
Never,891588
Never,891589
Weekly,891594
Never,891599
Monthly,891600
Weekly,891604
Never,891611
Never,891612
Weekly,891615
Monthly,891616
Never,891619
Never,891620
Never,891633
Never,891634
Weekly,891637
Rarely,891640
Weekly,891644
Never,891645
Never,891652
Monthly,891654
Weekly,891655
Weekly,891660
Rarely,891661
Never,891665
Rarely,891669
Weekly,891670
Rarely,891671
Weekly,891673
Weekly,891675
Rarely,891679
Never,891684
Monthly,891685
Never,891693
Never,891696
Never,891697
Weekly,891703
Rarely,891709
Never,891710
Weekly,891713
Weekly,891714
Never,891718
Never,891719
Never,891721
Rarely,891724
Never,891731
Weekly,891733
Never,891734
Rarely,891735
Rarely,891737
Rarely,891742
Never,891745
Never,891751
Never,891754
Rarely,891756
Never,891759
Weekly,891762
Never,891767
Never,891769
Never,891773
Never,891774
Rarely,891780
Never,891784
Never,891788
Weekly,891792
Monthly,891793
Rarely,891796
Never,891800
Rarely,891803
Never,891806
Never,891809
Never,891812
Weekly,891814
Never,891815
Rarely,891817
Rarely,891818
Never,891821
Never,891824
Never,891825
Rarely,891828
Never,891829
Weekly,891836
Rarely,891841
Monthly,891848
Never,891854
Never,891855
Never,891857
Never,891861
Weekly,891866
Rarely,891871
Monthly,891873
Rarely,891877
Never,891878
Never,891883
Rarely,891886
Weekly,891887
Weekly,891890
Never,891891
Rarely,891893
Rarely,891902
Monthly,891903
Rarely,891907
Rarely,891909
Never,891910
Weekly,891917
Never,891919
Never,891920
Never,891923
Never,891924
Weekly,891925
Weekly,891927
Weekly,891929
Monthly,891931
Never,891933
Weekly,891935
Never,891937
Never,891939
Never,891946
Never,891950
Never,891957
Weekly,891961
Monthly,891962
Never,891963
Rarely,891966
Monthly,891969
Rarely,891971
Never,891973
Monthly,891974
Weekly,891978
Never,891979
Never,891983
Never,891984
Monthly,891985
Rarely,891991
Never,891992
Rarely,892002
Rarely,892005
Weekly,892007
Weekly,892008
Weekly,892010
Weekly,892013
Weekly,892016
Never,892021
Weekly,892028
Weekly,892041
Monthly,892045
Never,892052
Rarely,892054
Weekly,892060
Rarely,892061
Weekly,892062
Never,892067
Weekly,892070
Never,892073
Never,892075
Weekly,892078
Monthly,892079
Weekly,892081
Monthly,892084
Weekly,892086
Rarely,892088
Never,892089
Weekly,892092
Never,892097
Never,892100
Never,892109
Weekly,892110
Never,892123
Weekly,892126
Rarely,892129
Rarely,892134
Never,892137
Never,892138
Never,892150
Never,892153
Weekly,892155
Rarely,892158
Never,892159
Never,892161
Never,892166
Weekly,892169
Rarely,892182
Never,892198
Never,892203
Weekly,892204
Never,892209
Rarely,892218
Never,892221
Weekly,892222
Rarely,892224
Weekly,892227
Rarely,892249
Never,892251
Weekly,892254
Weekly,892256
Weekly,892257
Monthly,892270
Monthly,892274
Never,892276
Never,892280
Never,892281
Rarely,892284
Rarely,892294
Rarely,892298
Never,892303
Rarely,892306
Never,892311
Weekly,892312
Never,892314
Weekly,892316
Weekly,892318
Never,892321
Weekly,892325
Weekly,892328
Never,892330
Rarely,892342
Never,892349
Weekly,892352
Monthly,892367
Never,892369
Rarely,892374
Rarely,892380
Never,892381
Never,892383
Never,892386
Never,892389
Rarely,892392
Monthly,892401
Weekly,892402
Never,892405
Weekly,892421
Rarely,892445
Never,892448
Never,892450
Rarely,892452
Weekly,892453
Weekly,892461
Weekly,892465
Never,892466
Never,892473
Never,892475
Rarely,892477
Never,892480
Never,892483
Never,892486
Never,892491
Never,892497
Never,892501
Never,892505
Weekly,892507
Weekly,892510
Weekly,892514
Weekly,892530
Rarely,892531
Monthly,892532
Rarely,892536
Never,892538
Never,892542
Never,892543
Never,892545
Weekly,892559
Weekly,892562
Never,892565
Weekly,892576
Monthly,892581
Weekly,892587
Weekly,892592
Rarely,892593
Never,892617
Weekly,892628
Rarely,892634
Rarely,892636
Never,892639
Never,892643
Never,892646
Monthly,892649
Weekly,892657
Rarely,892666
Never,892669
Weekly,892671
Weekly,892682
Weekly,892702
Never,892721
Never,892734
Weekly,892737
Weekly,892741
Rarely,892784
Never,892805
Never,892807
Monthly,892824
Rarely,892840
Rarely,892863
Rarely,892870
Never,892890
Rarely,892909
Rarely,892912
Never,892915
Never,892921
Weekly,892922
Never,892927
Rarely,892978
Never,892979
Weekly,892993
Rarely,893010
Monthly,893014
Weekly,893016
Rarely,893031
Rarely,893034
Weekly,893037
Rarely,893050
Rarely,893071
Rarely,893097
Weekly,893104
Weekly,893128
Rarely,893132
Rarely,893140
Monthly,893187
Rarely,893199
Never,893221
Never,893439
Never,893521
Rarely,893524
Rarely,893547
Never,893569
Rarely,893591
Monthly,893594
Never,893697
Weekly,893702
Never,893709
Never,893745
Weekly,893794
Never,893812
Never,893827
Rarely,893831
Rarely,893935
Weekly,894048
Never,894203
Never,894215
Weekly,894247
Weekly,894603
Rarely,895043
Weekly,895103
Never,895188
Never,895240
Monthly,895646
Rarely,895788
Never,895949
Never,895970
Never,896261
Weekly,896430
Never,896473
Rarely,896573
Never,896948
Weekly,897420
Weekly,897636
Rarely,897923
Rarely,898014
Weekly,898021
Rarely,898682
Weekly,899007
Weekly,899035
Never,899257
Never,899304
Rarely,899392
Never,899418
Weekly,899513
Never,899575
Weekly,899598
Monthly,899625
Never,899688
Never,899690
Weekly,899809
Never,899810
Weekly,899833
Rarely,899860
Weekly,899873
Never,899883
Rarely,899904
Monthly,899932
Never,899955
Weekly,900024
Weekly,900062
Never,900065
Rarely,900094
Weekly,900137
Weekly,900145
Rarely,900148
Weekly,900157
Rarely,900163
Never,900164
Monthly,900204
Rarely,900214
Never,900231
Monthly,900277
Rarely,900297
Never,900306
Weekly,900309
Weekly,900339
Monthly,900371
Never,900389
Never,900513
Never,900541
Monthly,900558
Weekly,900576
Never,900641
Monthly,900685
Never,900731
Never,901032
Rarely,901197
Never,901572
Weekly,901678
Rarely,901836
Monthly,901904
Rarely,901961
Rarely,902036
Weekly,902050
Weekly,902212
Never,902223
Never,902290
Never,902823
Weekly,902997
Weekly,903084
Rarely,903092
Weekly,903166
Rarely,903175
Rarely,903193
Never,903197
Weekly,903201
Rarely,903330
Rarely,903408
Monthly,903500
Weekly,903583
Never,903584
Never,903585
Never,903588
Weekly,903597
Weekly,903600
Never,903604
Never,903606
Rarely,903607
Rarely,903609
Rarely,903613
Never,903614
Weekly,903616
Never,903618
Never,903622
Never,903626
Weekly,903629
Weekly,903634
Weekly,903636
Never,903642
Never,903646
Never,903652
Monthly,903778
Never,903826
Weekly,903828
Monthly,903839
Rarely,903851
Weekly,903863
Never,903873
Never,903909
Never,903911
Weekly,903919
Rarely,903927
Never,903930
Never,903931
Rarely,903932
Never,903936
Weekly,903941
Never,903943
Weekly,903948
Weekly,903949
Never,903950
Weekly,903951
Never,903955
Rarely,903997
Rarely,904002
Never,904008
Never,904012
Weekly,904015
Monthly,904027
Weekly,904043
Weekly,904045
Never,904046
Never,904052
Weekly,904073
Never,904074
Weekly,904076
Rarely,904083
Never,904094
Never,904096
Rarely,904099
Never,904103
Weekly,904104
Never,904112
Weekly,904114
Never,904121
Rarely,904123
Never,904126
Monthly,904128
Never,904139
Never,904143
Weekly,904153
Weekly,904157
Weekly,904161
Never,904167
Never,904202
Weekly,904210
Weekly,904215
Weekly,904225
Never,904234
Weekly,904241
Weekly,904251
Rarely,904263
Never,904271
Never,904275
Weekly,904283
Never,904294
Never,904300
Never,904303
Never,904309
Weekly,904318
Weekly,904319
Never,904321
Never,904323
Monthly,904328
Weekly,904339
Monthly,904346
Weekly,904348
Monthly,904368
Never,904374
Weekly,904375
Never,904377
Weekly,904392
Weekly,904394
Never,904399
Rarely,904406
Never,904409
Never,904462
Never,904463
Weekly,904469
Rarely,904483
Never,904484
Weekly,904502
Rarely,904517
Never,904521
Weekly,904527
Weekly,904531
Weekly,904533
Never,904543
Never,904730
Never,904817
Weekly,904823
Monthly,904908
Rarely,904910
Weekly,904984
Never,905047
Weekly,905118
Weekly,905160
Never,905165
Weekly,905166
Never,905206
Weekly,905210
Weekly,905215
Weekly,905257
Weekly,905267
Rarely,905291
Weekly,905345
Weekly,905366
Weekly,905457
Weekly,905587
Weekly,905634
Never,905681
Never,905802
Weekly,905837
Rarely,905871
Never,905935
Weekly,905969
Weekly,906010
Weekly,906016
Never,906032
Weekly,906036
Never,906038
Rarely,906040
Never,906061
Monthly,906071
Never,906073
Never,906075
Never,906077
Never,906079
Never,906083
Rarely,906086
Rarely,906087
Weekly,906090
Never,906100
Weekly,906101
Never,906104
Rarely,906105
Rarely,906107
Never,906109
Weekly,906110
Never,906111
Weekly,906118
Weekly,906121
Never,906124
Never,906129
Never,906132
Never,906136
Weekly,906137
Rarely,906141
Weekly,906142
Weekly,906147
Weekly,906148
Never,906149
Never,906151
Rarely,906159
Monthly,906162
Rarely,906165
Weekly,906166
Never,906174
Never,906175
Weekly,906176
Never,906178
Never,906179
Never,906181
Daily,906182
Never,906185
Rarely,906189
Never,906197
Rarely,906201
Monthly,906208
Monthly,906213
Never,906220
Rarely,906221
Weekly,906228
Never,906231
Weekly,906232
Never,906251
Rarely,906253
Rarely,906271
Rarely,906275
Weekly,906279
Rarely,906280
Weekly,906287
Never,906290
Never,906300
Weekly,906328
Weekly,906332
Weekly,906335
Weekly,906343
Never,906355
Never,906361
Never,906374
Never,906375
Weekly,906388
Monthly,906398
Never,906403
Never,906406
Never,906420
Never,906430
Never,906432
Rarely,906490
Weekly,906493
Never,906494
Monthly,906499
Rarely,906512
Weekly,906535
Never,906563
Rarely,906573
Never,906616
Weekly,906712
Weekly,906758
Never,906768
Weekly,906783
Never,906796
Weekly,906908
Weekly,906941
Never,906948
Never,906977
Never,907032
Never,907091
Never,907403
Never,907445
Rarely,907552
Rarely,907560
Rarely,907568
Weekly,907683
Weekly,907747
Weekly,907815
Weekly,907893
Weekly,907904
Rarely,908084
Monthly,908194
Weekly,908351
Weekly,908397
Weekly,908848
Never,908968
Rarely,908989
Weekly,909068
Weekly,909102
Never,909302
Never,909559
Weekly,909729
Rarely,909885
Never,909950
Never,910284
Never,910325
Never,910376
Never,910591
Weekly,910777
Never,910914
Never,910983
Weekly,911158
Weekly,911366
Rarely,911657
Never,911749
Weekly,911756
Weekly,911819
Rarely,911950
Never,912013
Never,912250
Monthly,912259
Rarely,912262
Never,912266
Rarely,912269
Never,912271
Never,912276
Rarely,912278
Rarely,912280
Never,912281
Weekly,912287
Rarely,912289
Never,912292
Never,912293
Never,912296
Never,912303
Weekly,912305
Rarely,912306
Weekly,912310
Rarely,912312
Never,912314
Never,912316
Rarely,912317
Never,912322
Never,912324
Never,912329
Never,912331
Never,912332
Rarely,912334
Rarely,912337
Rarely,912341
Never,912343
Never,912345
Never,912346
Never,912348
Weekly,912351
Never,912353
Weekly,912354
Rarely,912357
Monthly,912361
Never,912370
Weekly,912374
Rarely,912375
Never,912378
Never,912382
Never,912383
Rarely,912384
Weekly,912385
Rarely,912388
Rarely,912390
Never,912393
Never,912394
Monthly,912396
Rarely,912398
Rarely,912399
Monthly,912400
Never,912402
Never,912405
Never,912406
Weekly,912408
Never,912409
Monthly,912411
Weekly,912412
Rarely,912413
Never,912415
Rarely,912418
Never,912426
Weekly,912432
Rarely,912437
Weekly,912438
Never,912440
Rarely,912441
Never,912442
Monthly,912445
Rarely,912447
Never,912448
Never,912449
Weekly,912451
Rarely,912455
Rarely,912459
Never,912468
Rarely,912469
Weekly,912472
Never,912473
Never,912478
Weekly,912479
Never,912480
Never,912486
Monthly,912492
Weekly,912495
Weekly,912499
Never,912502
Rarely,912505
Rarely,912508
Never,912512
Never,912514
Monthly,912515
Never,912517
Never,912518
Never,912519
Never,912527
Weekly,912529
Never,912530
Monthly,912535
Never,912539
Never,912548
Never,912551
Never,912552
Weekly,912554
Never,912556
Rarely,912558
Weekly,912560
Never,912562
Rarely,912568
Never,912570
Never,912571
Weekly,912575
Weekly,912576
Rarely,912580
Rarely,912584
Never,912593
Rarely,912594
Rarely,912596
Rarely,912599
Rarely,912602
Weekly,912603
Rarely,912608
Weekly,912614
Weekly,912618
Rarely,912622
Rarely,912624
Weekly,912625
Weekly,912627
Weekly,912630
Weekly,912632
Rarely,912634
Rarely,912640
Weekly,912641
Never,912644
Weekly,912649
Monthly,912650
Never,912651
Rarely,912653
Rarely,912654
Never,912656
Weekly,912658
Rarely,912659
Never,912664
Never,912671
Never,912677
Weekly,912680
Rarely,912681
Rarely,912688
Weekly,912694
Weekly,912695
Never,912698
Monthly,912701
Never,912702
Never,912704
Weekly,912707
Never,912708
Never,912709
Never,912710
Weekly,912713
Rarely,912714
Rarely,912717
Weekly,912719
Weekly,912727
Weekly,912730
Weekly,912732
Rarely,912734
Rarely,912738
Never,912741
Never,912743
Rarely,912744
Never,912752
Monthly,912754
Weekly,912761
Weekly,912762
Weekly,912763
Never,912766
Monthly,912767
Never,912771
Never,912773
Rarely,912779
Never,912781
Never,912791
Weekly,912812
Never,912819
Never,912836
Weekly,912855
Weekly,912856
Never,912888
Weekly,912895
Weekly,912908
Weekly,912911
Never,912914
Never,912921
Weekly,912934
Monthly,912938
Weekly,912944
Weekly,912953
Never,912964
Rarely,912966
Rarely,912969
Weekly,912970
Never,912978
Rarely,912983
Never,912984
Never,912985
Rarely,912990
Never,912998
Monthly,912999
Weekly,913008
Never,913012
Monthly,913014
Monthly,913020
Weekly,913021
Never,913028
Weekly,913030
Never,913031
Never,913034
Never,913036
Weekly,913037
Weekly,913040
Rarely,913043
Weekly,913047
Never,913053
Never,913058
Rarely,913060
Never,913068
Never,913069
Never,913078
Never,913079
Weekly,913081
Never,913082
Never,913087
Rarely,913095
Rarely,913097
Never,913101
Weekly,913108
Monthly,913110
Rarely,913118
Weekly,913119
Never,913122
Never,913126
Rarely,913128
Never,913133
Never,913134
Never,913137
Never,913139
Weekly,913147
Never,913149
Weekly,913156
Rarely,913158
Never,913159
Weekly,913161
Rarely,913164
Rarely,913166
Never,913169
Weekly,913173
Rarely,913179
Weekly,913183
Monthly,913191
Rarely,913198
Never,913201
Weekly,913205
Never,913209
Monthly,913211
Never,913212
Rarely,913216
Never,913243
Weekly,913251
Never,913265
Rarely,913278
Monthly,913286
Weekly,913287
Weekly,913310
Monthly,913314
Weekly,913317
Weekly,913319
Weekly,913321
Never,913338
Never,913342
Weekly,913393
Weekly,913426
Rarely,913427
Rarely,913435
Rarely,913449
Never,913450
Weekly,913453
Weekly,913460
Weekly,913467
Weekly,913475
Rarely,913477
Weekly,913480
Rarely,913483
Weekly,913486
Weekly,913491
Rarely,913493
Rarely,913505
Never,913515
Never,913516
Rarely,913525
Weekly,913534
Never,913535
Rarely,913537
Never,913539
Weekly,913547
Never,913555
Never,913566
Never,913580
Never,913588
Never,913590
Weekly,913595
Rarely,913596
Weekly,913600
Never,913602
Weekly,913609
Rarely,913624
Rarely,913633
Rarely,913751
Never,913829
Weekly,913830
Never,913885
Weekly,913908
Never,913979
Weekly,914013
Never,914020
Never,914049
Monthly,914090
Weekly,914162
Never,914250
Monthly,914256
Rarely,914260
Never,914278
Rarely,914283
Never,914315
Weekly,914342
Weekly,914352
Weekly,914386
Monthly,914417
Never,914420
Monthly,914422
Weekly,914425
Rarely,914429
Never,914440
Never,914447
Weekly,914476
Never,914522
Never,914532
Never,914554
Never,914560
Never,914586
Never,914620
Weekly,914636
Weekly,914652
Weekly,914678
Weekly,914687
Never,914706
Weekly,914709
Never,914743
Never,914753
Weekly,914765
Weekly,914770
Rarely,914816
Never,914835
Monthly,914839
Weekly,914864
Rarely,914895
Rarely,914913
Never,914924
Never,914948
Monthly,915013
Never,915017
Never,915023
Weekly,915049
Never,915087
Rarely,915107
Never,915122
Never,915129
Weekly,915141
Weekly,915150
Never,915170
Weekly,915175
Never,915192
Never,915206
Weekly,915222
Weekly,915240
Never,915270
Weekly,915291
Never,915338
Weekly,915362
Weekly,915414
Rarely,915418
Weekly,915437
Weekly,915454
Never,915472
Never,915490
Rarely,915507
Weekly,915521
Weekly,915522
Rarely,915539
Never,915545
Weekly,915564
Never,915566
Never,915586
Never,915607
Monthly,915610
Never,915614
Rarely,915616
Never,915625
Weekly,915660
Never,915668
Never,915685
Rarely,915704
Never,915723
Monthly,915747
Weekly,915750
Monthly,915755
Never,915758
Never,915778
Weekly,915810
Weekly,915811
Never,915812
Never,915832
Weekly,915834
Weekly,915841
Weekly,915847
Never,915851
Never,915861
Weekly,915869
Never,915887
Rarely,915894
Never,915897
Weekly,915909
Monthly,915919
Rarely,915938
Rarely,915958
Weekly,915983
Weekly,915994
Monthly,916025
Monthly,916026
Never,916035
Never,916043
Never,916065
Never,916066
Never,916069
Never,916072
Never,916076
Never,916080
Monthly,916091
Rarely,916098
Rarely,916118
Weekly,916133
Weekly,916139
Never,916140
Never,916159
Rarely,916166
Never,916167
Never,916176
Weekly,916189
Never,916196
Never,916197
Never,916198
Monthly,916208
Rarely,916215
Monthly,916225
Rarely,916237
Weekly,916265
Rarely,916267
Never,916281
Never,916306
Monthly,916309
Rarely,916313
Weekly,916321
Rarely,916326
Weekly,916335
Rarely,916340
Never,916355
Weekly,916359
Never,916374
Never,916378
Rarely,916385
Never,916389
Rarely,916399
Never,916406
Never,916439
Rarely,916469
Weekly,916483
Rarely,916500
Weekly,916506
Rarely,916514
Monthly,916519
Weekly,916534
Weekly,916547
Never,916560
Never,916567
Never,916583
Never,916584
Weekly,916603
Weekly,916624
Rarely,916632
Weekly,916646
Never,916654
Never,916658
Weekly,916666
Never,916676
Rarely,916681
Never,916683
Weekly,916705
Never,916721
Never,916723
Never,916728
Never,916730
Weekly,916735
Never,916747
Weekly,916757
Weekly,916787
Never,916793
Rarely,916794
Never,916797
Rarely,916799
Never,916811
Never,916813
Monthly,916815
Weekly,916819
Rarely,916822
Rarely,916823
Never,916828
Rarely,916831
Never,916835
Never,916838
Rarely,916843
Never,916847
Weekly,916861
Rarely,916864
Weekly,916866
Rarely,916867
Rarely,916875
Never,916877
Never,916885
Never,916887
Never,916889
Weekly,916894
Never,916909
Rarely,916911
Weekly,916926
Never,916933
Never,916939
Never,916941
Weekly,916943
Never,916950
Weekly,916975
Rarely,916980
Weekly,916984
Never,916992
Never,916995
Never,916996
Monthly,916997
Monthly,917005
Monthly,917006
Weekly,917007
Never,917012
Rarely,917025
Monthly,917035
Never,917037
Never,917038
Never,917043
Weekly,917052
Weekly,917058
Rarely,917060
Never,917063
Weekly,917066
Weekly,917072
Weekly,917073
Weekly,917076
Never,917079
Never,917083
Weekly,917085
Never,917090
Never,917098
Never,917100
Weekly,917107
Never,917108
Weekly,917109
Rarely,917115
Rarely,917140
Never,917142
Weekly,917146
Never,917153
Never,917155
Rarely,917167
Never,917169
Never,917173
Weekly,917175
Never,917178
Weekly,917188
Rarely,917207
Weekly,917211
Never,917228
Never,917231
Never,917246
Rarely,917247
Monthly,917248
Never,917251
Monthly,917255
Rarely,917257
Never,917260
Never,917264
Weekly,917273
Rarely,917283
Never,917286
Never,917290
Rarely,917296
Never,917297
Never,917299
Weekly,917300
Rarely,917301
Never,917311
Never,917318
Weekly,917319
Monthly,917321
Weekly,917325
Never,917327
Rarely,917329
Rarely,917343
Monthly,917344
Never,917346
Weekly,917351
Never,917353
Rarely,917354
Monthly,917356
Rarely,917357
Rarely,917361
Never,917363
Never,917365
Rarely,917370
Rarely,917372
Never,917373
Never,917385
Never,917392
Never,917403
Rarely,917406
Never,917407
Weekly,917411
Rarely,917412
Rarely,917413
Never,917421
Weekly,917427
Monthly,917432
Never,917435
Rarely,917436
Never,917441
Weekly,917448
Never,917454
Weekly,917465
Never,917480
Never,917490
Weekly,917497
Rarely,917506
Rarely,917521
Rarely,917528
Never,917533
Never,917542
Weekly,917544
Never,917556
Weekly,917560
Never,917564
Monthly,917566
Monthly,917573
Never,917574
Never,917586
Never,917594
Weekly,917603
Never,917608
Never,917609
Weekly,917610
Weekly,917613
Never,917617
Rarely,917623
Weekly,917626
Never,917627
Never,917628
Weekly,917632
Rarely,917635
Weekly,917649
Rarely,917650
Rarely,917653
Rarely,917654
Monthly,917661
Never,917663
Never,917667
Never,917671
Never,917674
Weekly,917677
Never,917684
Weekly,917693
Rarely,917698
Never,917699
Monthly,917711
Never,917713
Weekly,917714
Rarely,917722
Never,917731
Weekly,917738
Weekly,917759
Rarely,917767
Never,917772
Weekly,917773
Never,917798
Never,917803
Never,917812
Daily,917821
Rarely,917838
Rarely,917843
Rarely,917846
Never,917849
Never,917851
Weekly,917861
Weekly,917862
Weekly,917875
Never,917877
Rarely,917883
Weekly,917886
Never,917890
Never,917891
Never,917898
Weekly,917904
Never,917915
Never,917920
Never,917922
Never,917925
Never,917928
Weekly,917933
Never,917948
Weekly,917949
Rarely,917950
Never,917954
Never,917958
Never,917962
Monthly,917974
Weekly,917984
Never,917996
Never,917997
Never,918004
Never,918011
Weekly,918025
Weekly,918026
Never,918032
Monthly,918034
Never,918039
Never,918052
Rarely,918054
Rarely,918055
Never,918060
Weekly,918077
Never,918080
Rarely,918083
Never,918090
Weekly,918098
Never,918103
Rarely,918109
Never,918119
Rarely,918120
Never,918152
Weekly,918155
Weekly,918157
Weekly,918161
Monthly,918169
Never,918170
Never,918172
Never,918173
Rarely,918181
Never,918186
Weekly,918192
Never,918196
Never,918201
Never,918205
Rarely,918207
Never,918208
Weekly,918217
Weekly,918224
Rarely,918225
Rarely,918235
Rarely,918237
Never,918260
Never,918272
Never,918278
Rarely,918280
Never,918282
Never,918283
Never,918286
Never,918298
Weekly,918299
Never,918314
Never,918318
Never,918322
Never,918323
Never,918328
Never,918329
Never,918338
Rarely,918347
Weekly,918350
Never,918358
Never,918367
Never,918368
Weekly,918396
Never,918398
Never,918407
Weekly,918418
Never,918419
Never,918429
Weekly,918431
Weekly,918441
Weekly,918445
Weekly,918451
Weekly,918456
Weekly,918475
Weekly,918476
Weekly,918515
Rarely,918529
Monthly,918536
Never,918548
Never,918556
Weekly,918597
Rarely,918614
Weekly,918624
Never,918626
Weekly,918639
Never,918657
Never,918690
Never,918694
Monthly,918703
Rarely,918705
Weekly,918710
Weekly,918730
Weekly,918742
Never,918765
Rarely,918769
Never,918773
Weekly,918775
Weekly,918796
Monthly,918801
Rarely,918810
Weekly,918818
Weekly,918823
Weekly,918856
Never,918873
Never,918906
Never,918919
Weekly,918943
Rarely,918999
Weekly,919062
Never,919073
Weekly,919076
Monthly,919210
Never,919262
Rarely,919349
Rarely,919350
Rarely,919369
Never,919704
Weekly,919792
Rarely,920108
Monthly,920182
Never,920740
Weekly,920779
Weekly,921894
Rarely,922482
Never,922584
Never,923756
Weekly,923761
Never,923843
Rarely,924237
Never,924315
Monthly,924521
Rarely,924570
Weekly,924737
Monthly,924749
Never,924965
Never,925177
Weekly,925654
Never,925728
Never,925738
Never,925876
Never,926086
Weekly,926360
Weekly,927058
Never,927084
Rarely,927147
Never,927197
Never,927390
Never,927818
