StreamingRadio,CustomerID
YT Music,877687
YT Music,877723
YT Music,877757
YT Music,877792
YT Music,877840
YT Music,877988
Spotify,878821
YT Music,878822
YT Music,878842
YT Music,878855
YT Music,878871
YT Music,878907
YT Music,878908
Spotify,878912
Spotify,878919
YT Music,878974
YT Music,878977
YT Music,878993
YT Music,879011
YT Music,879017
YT Music,879020
YT Music,879033
YT Music,879055
YT Music,879061
YT Music,879072
Spotify,879232
YT Music,879264
YT Music,879306
YT Music,879310
YT Music,879403
Spotify,879453
YT Music,879454
YT Music,879478
Spotify,879500
YT Music,879535
YT Music,879889
YT Music,879926
Spotify,881801
Amazon Music,882315
Amazon Music,882316
Amazon Music,882319
Amazon Music,882320
Amazon Music,882321
Amazon Music,882324
Amazon Music,882325
Amazon Music,882326
Amazon Music,882328
Amazon Music,882330
Amazon Music,882332
Amazon Music,882333
Amazon Music,882336
Amazon Music,882337
Amazon Music,882340
Amazon Music,882341
Amazon Music,882342
Amazon Music,882343
Amazon Music,882346
Amazon Music,882348
Amazon Music,882350
Amazon Music,882351
Amazon Music,882354
Amazon Music,882356
Amazon Music,882357
Amazon Music,882358
Amazon Music,882359
Amazon Music,882360
Amazon Music,882364
Amazon Music,882366
Amazon Music,882367
Amazon Music,882368
Amazon Music,882371
Amazon Music,882372
Amazon Music,882375
Amazon Music,882376
Amazon Music,882377
Amazon Music,882382
Amazon Music,882383
Amazon Music,882387
Amazon Music,882388
Amazon Music,882391
Amazon Music,882392
Amazon Music,882393
Amazon Music,882395
Amazon Music,882397
Amazon Music,882398
Amazon Music,882402
Amazon Music,882403
Amazon Music,882407
Amazon Music,882409
Amazon Music,882410
Amazon Music,882413
Amazon Music,882414
Spotify,882415
YT Music,882419
YT Music,882423
YT Music,882424
YT Music,882425
YT Music,882426
YT Music,882428
YT Music,882429
YT Music,882433
YT Music,882434
YT Music,882435
Spotify,882437
Spotify,882439
YT Music,882440
YT Music,882442
YT Music,882444
Spotify,882446
Spotify,882449
YT Music,882451
YT Music,882452
YT Music,882457
Spotify,882459
YT Music,882462
YT Music,882463
YT Music,882464
Spotify,882465
YT Music,882467
Spotify,882469
YT Music,882471
YT Music,882475
YT Music,882476
Spotify,882478
YT Music,882479
YT Music,882481
Spotify,882482
YT Music,882483
YT Music,882484
YT Music,882491
YT Music,882494
YT Music,882497
YT Music,882500
YT Music,882501
YT Music,882503
Spotify,882504
YT Music,882506
YT Music,882507
YT Music,882508
YT Music,882512
YT Music,882515
Spotify,882517
YT Music,882518
YT Music,882521
YT Music,882522
YT Music,882523
YT Music,882527
YT Music,882531
YT Music,882532
YT Music,882535
YT Music,882537
Spotify,882543
YT Music,882545
YT Music,882550
YT Music,882551
YT Music,882553
YT Music,882559
YT Music,882560
Spotify,882563
YT Music,882564
YT Music,882565
YT Music,882569
YT Music,882573
YT Music,882574
Spotify,882576
YT Music,882577
YT Music,882578
YT Music,882581
YT Music,882583
YT Music,882585
Spotify,882587
YT Music,882590
YT Music,882591
Spotify,882593
YT Music,882594
YT Music,882597
YT Music,882599
YT Music,882600
YT Music,882602
YT Music,882607
YT Music,882608
YT Music,882609
YT Music,882612
YT Music,882616
YT Music,882621
YT Music,882622
YT Music,882623
YT Music,882626
YT Music,882627
Spotify,882628
YT Music,882631
YT Music,882632
YT Music,882636
YT Music,882638
YT Music,882639
YT Music,882640
YT Music,882645
YT Music,882648
YT Music,882650
YT Music,882652
YT Music,882656
YT Music,882658
YT Music,882660
YT Music,882666
YT Music,882667
YT Music,882674
YT Music,882677
YT Music,882678
YT Music,882683
YT Music,882684
YT Music,882685
YT Music,882693
YT Music,882694
YT Music,882699
Spotify,882700
YT Music,882701
YT Music,882705
YT Music,882709
YT Music,882713
Spotify,882715
Spotify,882720
YT Music,882721
YT Music,882728
YT Music,882729
YT Music,882731
YT Music,882735
Spotify,882737
YT Music,882738
YT Music,882739
Spotify,882741
YT Music,882745
YT Music,882747
YT Music,882750
Spotify,882752
YT Music,882756
YT Music,882757
YT Music,882760
YT Music,882763
Spotify,882766
YT Music,882768
YT Music,882769
YT Music,882772
YT Music,882775
Spotify,882778
Spotify,882783
YT Music,882784
YT Music,882787
YT Music,882793
YT Music,882796
YT Music,882799
YT Music,882801
YT Music,882804
YT Music,882807
YT Music,882808
YT Music,882812
YT Music,882816
Spotify,882817
YT Music,882821
YT Music,882824
YT Music,882827
YT Music,882828
YT Music,882830
YT Music,882837
Spotify,882844
YT Music,882853
YT Music,882856
YT Music,882859
YT Music,882868
YT Music,882869
YT Music,882886
YT Music,882891
YT Music,882896
YT Music,882902
YT Music,882910
YT Music,882911
Spotify,882919
YT Music,882923
YT Music,882927
YT Music,882932
YT Music,882934
YT Music,882936
Spotify,882938
YT Music,882941
Spotify,882942
YT Music,882945
Spotify,882951
YT Music,882955
YT Music,882957
YT Music,882959
YT Music,882961
Spotify,882962
YT Music,882963
YT Music,882964
YT Music,882969
YT Music,882971
Spotify,882973
YT Music,882975
YT Music,882977
YT Music,882984
Spotify,882987
YT Music,882989
Spotify,882991
Other,882994
YT Music,882999
YT Music,883011
YT Music,883016
YT Music,883018
YT Music,883021
YT Music,883028
YT Music,883035
YT Music,883043
YT Music,883047
YT Music,883062
YT Music,883064
YT Music,883072
YT Music,883077
YT Music,883079
YT Music,883085
YT Music,883102
YT Music,883115
YT Music,883122
YT Music,883127
YT Music,883161
YT Music,883169
YT Music,883175
YT Music,883247
YT Music,883334
YT Music,883364
YT Music,883388
Spotify,883405
YT Music,883418
YT Music,883424
YT Music,883432
YT Music,883438
YT Music,883441
YT Music,883444
YT Music,883446
YT Music,883449
YT Music,883450
YT Music,883455
YT Music,883457
YT Music,883459
YT Music,883463
Spotify,883467
YT Music,883476
Spotify,883483
YT Music,883486
Spotify,883494
YT Music,883498
Spotify,883507
YT Music,883513
YT Music,883522
YT Music,883526
YT Music,883527
Spotify,883546
YT Music,883554
YT Music,883556
YT Music,883565
YT Music,883571
YT Music,883573
YT Music,883597
Spotify,883598
Spotify,883613
YT Music,883619
Spotify,883624
YT Music,883631
YT Music,883632
YT Music,883665
YT Music,883670
YT Music,883696
YT Music,883716
Other,883724
YT Music,883730
YT Music,883736
YT Music,883739
YT Music,883753
YT Music,883768
YT Music,883773
YT Music,883790
YT Music,883808
YT Music,883878
YT Music,883931
YT Music,883950
YT Music,883956
YT Music,883979
YT Music,884001
YT Music,884080
YT Music,884112
YT Music,884199
Spotify,884217
Spotify,884225
YT Music,884248
YT Music,884270
YT Music,884303
YT Music,884339
YT Music,884357
YT Music,884384
YT Music,884423
Spotify,884596
YT Music,884624
YT Music,884673
YT Music,884717
YT Music,884766
YT Music,884789
YT Music,884804
YT Music,884848
YT Music,884851
YT Music,884856
YT Music,884859
YT Music,884860
YT Music,884862
Spotify,884867
YT Music,884870
YT Music,884872
YT Music,884873
YT Music,884878
YT Music,884879
YT Music,884881
YT Music,884887
YT Music,884892
YT Music,884895
YT Music,884897
YT Music,884899
YT Music,884908
YT Music,884909
YT Music,884912
YT Music,884913
Spotify,884914
YT Music,884916
YT Music,884919
YT Music,884920
YT Music,884921
YT Music,884924
Spotify,884926
YT Music,884931
Spotify,884932
YT Music,884939
YT Music,884945
YT Music,884947
YT Music,884948
YT Music,884949
Spotify,884951
YT Music,884954
YT Music,884955
YT Music,884960
YT Music,884961
YT Music,884964
Spotify,884965
YT Music,884970
YT Music,884971
YT Music,884976
YT Music,884979
YT Music,884980
Spotify,884987
YT Music,884988
YT Music,884989
YT Music,884995
YT Music,884997
YT Music,884999
YT Music,885001
YT Music,885004
YT Music,885008
YT Music,885017
YT Music,885024
YT Music,885032
YT Music,885039
YT Music,885041
YT Music,885044
YT Music,885047
YT Music,885052
YT Music,885056
YT Music,885063
YT Music,885072
YT Music,885075
Spotify,885076
YT Music,885079
Spotify,885084
YT Music,885085
YT Music,885086
YT Music,885097
YT Music,885103
YT Music,885104
YT Music,885107
YT Music,885126
YT Music,885129
YT Music,885149
YT Music,885152
Spotify,885159
Spotify,885163
YT Music,885168
Other,885199
Spotify,885210
Other,885220
YT Music,885227
Spotify,885229
YT Music,885237
YT Music,885260
YT Music,885269
YT Music,885279
YT Music,885282
YT Music,885292
YT Music,885297
YT Music,885301
YT Music,885314
YT Music,885316
YT Music,885321
YT Music,885341
YT Music,885344
YT Music,885350
YT Music,885360
YT Music,885362
YT Music,885365
YT Music,885373
YT Music,885379
YT Music,885383
Spotify,885396
YT Music,885416
Spotify,885449
YT Music,885491
YT Music,885544
YT Music,885565
Spotify,885582
YT Music,885638
YT Music,885715
YT Music,885811
YT Music,885839
YT Music,885914
YT Music,886081
YT Music,886169
YT Music,886213
YT Music,886308
YT Music,886445
YT Music,886455
YT Music,886888
YT Music,886898
Spotify,886938
YT Music,886984
YT Music,886993
Spotify,887015
Spotify,887022
Spotify,887026
Spotify,887086
YT Music,887298
YT Music,887309
YT Music,887325
YT Music,887335
Spotify,887347
YT Music,887376
Spotify,887420
YT Music,887509
Spotify,887609
YT Music,887618
YT Music,887658
YT Music,887666
YT Music,887871
YT Music,887894
YT Music,887898
YT Music,887903
YT Music,887905
YT Music,887908
YT Music,887913
YT Music,887917
Spotify,887920
Spotify,887924
YT Music,887925
YT Music,887929
YT Music,887933
YT Music,887934
YT Music,887936
YT Music,887939
YT Music,887941
YT Music,887945
YT Music,887946
Spotify,887947
YT Music,887949
YT Music,887952
YT Music,887954
YT Music,887955
Spotify,887957
YT Music,887962
YT Music,887963
YT Music,887966
YT Music,887968
YT Music,887969
YT Music,887973
YT Music,887979
YT Music,887982
YT Music,887987
Spotify,887989
YT Music,887990
YT Music,887991
YT Music,887992
YT Music,887995
YT Music,887999
YT Music,888005
YT Music,888006
YT Music,888007
Spotify,888008
YT Music,888014
YT Music,888017
YT Music,888018
YT Music,888019
Spotify,888020
Spotify,888021
YT Music,888025
Spotify,888027
YT Music,888028
YT Music,888029
YT Music,888031
YT Music,888032
YT Music,888033
YT Music,888038
YT Music,888041
YT Music,888045
YT Music,888049
YT Music,888050
YT Music,888054
YT Music,888055
YT Music,888057
YT Music,888059
YT Music,888060
YT Music,888061
YT Music,888064
YT Music,888067
YT Music,888069
YT Music,888071
Spotify,888077
YT Music,888078
YT Music,888079
Spotify,888080
YT Music,888083
Spotify,888084
YT Music,888085
YT Music,888086
YT Music,888090
YT Music,888091
YT Music,888094
YT Music,888095
Spotify,888101
Spotify,888104
YT Music,888106
YT Music,888108
YT Music,888110
YT Music,888112
YT Music,888114
YT Music,888115
YT Music,888119
YT Music,888121
YT Music,888123
Spotify,888125
YT Music,888126
YT Music,888127
YT Music,888130
YT Music,888131
YT Music,888133
YT Music,888137
YT Music,888138
YT Music,888139
YT Music,888140
YT Music,888142
YT Music,888144
YT Music,888146
YT Music,888148
YT Music,888149
Spotify,888153
Spotify,888154
Spotify,888155
YT Music,888156
YT Music,888157
YT Music,888158
YT Music,888161
YT Music,888165
Spotify,888170
YT Music,888172
YT Music,888175
Spotify,888177
YT Music,888178
YT Music,888179
YT Music,888199
YT Music,888211
YT Music,888213
YT Music,888218
YT Music,888227
YT Music,888228
Spotify,888265
Spotify,888268
YT Music,888278
YT Music,888287
YT Music,888297
YT Music,888302
YT Music,888325
YT Music,888341
YT Music,888342
YT Music,888344
YT Music,888355
YT Music,888358
YT Music,888368
YT Music,888371
YT Music,888378
YT Music,888386
YT Music,888388
YT Music,888389
YT Music,888399
YT Music,888418
YT Music,888420
YT Music,888425
YT Music,888431
YT Music,888437
YT Music,888449
YT Music,888451
YT Music,888455
YT Music,888457
YT Music,888466
YT Music,888472
YT Music,888474
YT Music,888493
YT Music,888501
YT Music,888504
YT Music,888510
YT Music,888513
YT Music,888522
YT Music,888529
YT Music,888533
YT Music,888535
YT Music,888544
Spotify,888549
YT Music,888551
YT Music,888556
YT Music,888560
YT Music,888563
YT Music,888565
YT Music,888567
YT Music,888568
YT Music,888582
YT Music,888589
YT Music,888591
YT Music,888592
YT Music,888593
YT Music,888594
YT Music,888600
YT Music,888601
YT Music,888606
YT Music,888608
YT Music,888613
YT Music,888618
Spotify,888619
YT Music,888621
Spotify,888622
YT Music,888630
YT Music,888634
YT Music,888637
YT Music,888650
YT Music,888651
YT Music,888652
YT Music,888655
YT Music,888660
YT Music,888663
YT Music,888665
YT Music,888667
Spotify,888671
Spotify,888673
YT Music,888679
YT Music,888681
YT Music,888684
YT Music,888686
YT Music,888695
YT Music,888696
YT Music,888698
YT Music,888699
YT Music,888703
YT Music,888704
Spotify,888705
YT Music,888708
YT Music,888710
YT Music,888712
YT Music,888713
YT Music,888722
YT Music,888723
YT Music,888727
Other,888730
YT Music,888731
YT Music,888732
YT Music,888733
YT Music,888734
YT Music,888736
YT Music,888738
YT Music,888739
YT Music,888743
YT Music,888749
YT Music,888752
YT Music,888753
YT Music,888760
Spotify,888762
YT Music,888764
YT Music,888767
Spotify,888769
YT Music,888773
Spotify,888777
YT Music,888778
YT Music,888787
YT Music,888788
YT Music,888790
Spotify,888794
YT Music,888796
YT Music,888799
YT Music,888807
YT Music,888808
YT Music,888810
YT Music,888811
YT Music,888813
Spotify,888814
Spotify,888815
Spotify,888821
YT Music,888823
YT Music,888827
YT Music,888829
YT Music,888831
YT Music,888836
YT Music,888838
YT Music,888842
YT Music,888844
YT Music,888846
YT Music,888847
YT Music,888848
YT Music,888856
YT Music,888857
YT Music,888863
YT Music,888864
YT Music,888865
YT Music,888868
YT Music,888871
YT Music,888872
Spotify,888875
YT Music,888883
YT Music,888884
Other,888890
YT Music,888891
YT Music,888895
YT Music,888899
YT Music,888902
YT Music,888909
YT Music,888910
YT Music,888917
YT Music,888920
YT Music,888922
YT Music,888924
Spotify,888927
YT Music,888928
YT Music,888931
YT Music,888938
YT Music,888940
YT Music,888942
YT Music,888944
YT Music,888945
YT Music,888946
YT Music,888947
YT Music,888951
YT Music,888956
YT Music,888960
YT Music,888961
YT Music,888967
YT Music,888973
YT Music,888976
YT Music,888978
YT Music,888979
YT Music,888980
YT Music,888981
YT Music,888982
YT Music,888987
YT Music,888988
YT Music,888991
YT Music,888997
YT Music,888998
YT Music,889002
YT Music,889005
YT Music,889006
YT Music,889007
YT Music,889008
YT Music,889010
YT Music,889014
YT Music,889022
YT Music,889024
YT Music,889025
YT Music,889026
YT Music,889028
YT Music,889031
YT Music,889034
YT Music,889037
YT Music,889038
YT Music,889040
YT Music,889047
YT Music,889048
YT Music,889050
YT Music,889051
YT Music,889052
YT Music,889062
YT Music,889064
YT Music,889066
YT Music,889072
YT Music,889073
YT Music,889074
Spotify,889075
YT Music,889077
YT Music,889078
YT Music,889088
YT Music,889090
YT Music,889094
YT Music,889095
YT Music,889098
YT Music,889100
YT Music,889109
Spotify,889110
YT Music,889113
YT Music,889119
YT Music,889122
YT Music,889123
YT Music,889126
YT Music,889130
Spotify,889132
YT Music,889134
YT Music,889135
YT Music,889139
YT Music,889144
YT Music,889146
YT Music,889147
YT Music,889150
Spotify,889152
YT Music,889154
Spotify,889155
Spotify,889159
YT Music,889161
YT Music,889162
YT Music,889164
YT Music,889165
Spotify,889167
YT Music,889170
YT Music,889173
YT Music,889174
YT Music,889175
YT Music,889178
YT Music,889179
YT Music,889182
YT Music,889186
YT Music,889188
YT Music,889191
YT Music,889195
YT Music,889197
YT Music,889202
YT Music,889205
YT Music,889207
YT Music,889210
YT Music,889212
YT Music,889215
YT Music,889218
YT Music,889219
YT Music,889220
YT Music,889221
YT Music,889223
YT Music,889227
YT Music,889228
YT Music,889231
YT Music,889233
YT Music,889236
YT Music,889237
YT Music,889238
YT Music,889241
YT Music,889243
YT Music,889245
YT Music,889250
YT Music,889251
Spotify,889254
Spotify,889256
YT Music,889257
YT Music,889260
YT Music,889261
Spotify,889262
YT Music,889264
YT Music,889267
YT Music,889268
YT Music,889270
YT Music,889275
YT Music,889276
YT Music,889277
Spotify,889280
YT Music,889281
Spotify,889282
YT Music,889283
YT Music,889284
YT Music,889285
YT Music,889287
YT Music,889291
YT Music,889292
Spotify,889297
YT Music,889299
YT Music,889304
YT Music,889306
YT Music,889307
YT Music,889309
YT Music,889310
YT Music,889312
YT Music,889317
YT Music,889318
YT Music,889319
YT Music,889328
YT Music,889332
YT Music,889334
YT Music,889337
YT Music,889339
YT Music,889340
YT Music,889345
YT Music,889346
YT Music,889347
Spotify,889349
YT Music,889350
YT Music,889358
Spotify,889361
YT Music,889374
YT Music,889376
YT Music,889378
YT Music,889379
YT Music,889380
YT Music,889381
YT Music,889385
YT Music,889386
YT Music,889387
YT Music,889390
YT Music,889393
YT Music,889394
YT Music,889396
YT Music,889399
YT Music,889400
YT Music,889404
YT Music,889405
YT Music,889407
YT Music,889409
YT Music,889411
Spotify,889413
Spotify,889414
Spotify,889417
YT Music,889423
YT Music,889424
YT Music,889426
YT Music,889429
Spotify,889430
YT Music,889431
YT Music,889435
Spotify,889440
YT Music,889441
Spotify,889443
YT Music,889452
Spotify,889456
YT Music,889463
YT Music,889465
YT Music,889468
YT Music,889471
YT Music,889477
YT Music,889478
YT Music,889480
YT Music,889481
YT Music,889483
YT Music,889484
YT Music,889487
YT Music,889494
Spotify,889496
YT Music,889499
YT Music,889503
YT Music,889504
Spotify,889508
YT Music,889509
Spotify,889511
YT Music,889512
YT Music,889513
YT Music,889517
YT Music,889519
YT Music,889525
Spotify,889533
YT Music,889534
Spotify,889538
YT Music,889544
YT Music,889555
YT Music,889556
YT Music,889557
YT Music,889563
YT Music,889566
YT Music,889569
YT Music,889570
YT Music,889575
Spotify,889576
YT Music,889578
YT Music,889579
YT Music,889584
Spotify,889585
YT Music,889586
YT Music,889588
YT Music,889589
YT Music,889592
YT Music,889595
YT Music,889597
YT Music,889598
YT Music,889600
YT Music,889601
YT Music,889603
YT Music,889611
YT Music,889613
YT Music,889614
YT Music,889620
YT Music,889622
YT Music,889628
Spotify,889629
YT Music,889630
YT Music,889633
Spotify,889637
YT Music,889641
YT Music,889642
YT Music,889643
YT Music,889645
YT Music,889657
YT Music,889661
YT Music,889663
YT Music,889664
YT Music,889666
YT Music,889667
YT Music,889670
YT Music,889671
YT Music,889674
YT Music,889675
YT Music,889679
YT Music,889680
YT Music,889681
YT Music,889686
Spotify,889687
YT Music,889690
Other,889691
YT Music,889693
YT Music,889701
YT Music,889702
Other,889704
Spotify,889705
YT Music,889709
YT Music,889711
YT Music,889713
YT Music,889715
YT Music,889717
YT Music,889718
YT Music,889719
YT Music,889720
YT Music,889721
Spotify,889724
YT Music,889730
YT Music,889731
YT Music,889732
YT Music,889736
YT Music,889738
YT Music,889739
YT Music,889740
YT Music,889742
YT Music,889743
YT Music,889745
Spotify,889749
YT Music,889752
YT Music,889753
YT Music,889755
YT Music,889757
Spotify,889759
YT Music,889761
YT Music,889762
YT Music,889768
YT Music,889769
YT Music,889770
YT Music,889773
Spotify,889774
Spotify,889775
YT Music,889776
Spotify,889777
YT Music,889779
YT Music,889783
YT Music,889784
YT Music,889785
YT Music,889788
YT Music,889790
YT Music,889791
YT Music,889792
YT Music,889793
YT Music,889794
Spotify,889795
YT Music,889797
YT Music,889801
YT Music,889806
YT Music,889809
YT Music,889812
YT Music,889813
YT Music,889815
YT Music,889816
YT Music,889817
YT Music,889818
YT Music,889821
Spotify,889822
Spotify,889823
YT Music,889826
YT Music,889827
YT Music,889831
YT Music,889832
YT Music,889834
YT Music,889838
YT Music,889839
YT Music,889842
YT Music,889843
YT Music,889844
YT Music,889847
Spotify,889848
YT Music,889851
YT Music,889853
YT Music,889858
YT Music,889859
YT Music,889861
YT Music,889862
YT Music,889864
YT Music,889866
YT Music,889868
YT Music,889869
YT Music,889871
YT Music,889872
YT Music,889877
YT Music,889878
YT Music,889880
Spotify,889882
YT Music,889883
YT Music,889885
YT Music,889886
YT Music,889887
YT Music,889892
YT Music,889893
YT Music,889894
YT Music,889895
YT Music,889896
Spotify,889897
YT Music,889900
YT Music,889901
YT Music,889903
YT Music,889905
YT Music,889906
YT Music,889911
YT Music,889912
YT Music,889915
YT Music,889918
YT Music,889920
YT Music,889921
YT Music,889926
YT Music,889931
YT Music,889932
YT Music,889937
Spotify,889938
YT Music,889942
YT Music,889944
Other,889947
YT Music,889950
YT Music,889952
YT Music,889956
YT Music,889958
YT Music,889960
Spotify,889965
YT Music,889969
YT Music,889973
YT Music,889975
YT Music,889977
Spotify,889978
YT Music,889981
Spotify,889982
YT Music,889984
YT Music,889986
Spotify,889987
YT Music,889989
YT Music,889991
YT Music,889995
YT Music,889996
YT Music,889997
YT Music,890000
Spotify,890006
YT Music,890012
Spotify,890013
YT Music,890014
YT Music,890019
Spotify,890022
YT Music,890023
Spotify,890027
YT Music,890028
YT Music,890030
YT Music,890031
YT Music,890034
YT Music,890036
YT Music,890040
Spotify,890047
YT Music,890051
YT Music,890052
YT Music,890055
Spotify,890056
YT Music,890057
YT Music,890059
YT Music,890061
YT Music,890062
YT Music,890065
YT Music,890067
YT Music,890070
YT Music,890073
YT Music,890074
YT Music,890076
YT Music,890079
YT Music,890080
YT Music,890083
YT Music,890085
YT Music,890086
YT Music,890089
YT Music,890091
YT Music,890092
YT Music,890093
YT Music,890094
YT Music,890096
YT Music,890098
YT Music,890099
YT Music,890100
YT Music,890102
YT Music,890104
YT Music,890105
YT Music,890107
YT Music,890111
YT Music,890114
YT Music,890115
Spotify,890119
YT Music,890122
YT Music,890124
Spotify,890125
YT Music,890127
YT Music,890131
YT Music,890133
Spotify,890134
YT Music,890136
YT Music,890138
YT Music,890141
YT Music,890142
YT Music,890146
YT Music,890147
YT Music,890148
YT Music,890150
YT Music,890153
YT Music,890155
YT Music,890156
YT Music,890160
YT Music,890161
YT Music,890163
YT Music,890178
YT Music,890180
YT Music,890200
Spotify,890213
Spotify,890215
YT Music,890220
YT Music,890240
YT Music,890242
YT Music,890248
Spotify,890251
YT Music,890254
YT Music,890257
YT Music,890260
YT Music,890264
Spotify,890265
YT Music,890267
Spotify,890273
YT Music,890275
Spotify,890276
YT Music,890279
YT Music,890288
Spotify,890292
Spotify,890293
YT Music,890299
YT Music,890300
YT Music,890302
YT Music,890304
YT Music,890306
YT Music,890317
YT Music,890319
YT Music,890323
YT Music,890324
YT Music,890326
YT Music,890329
YT Music,890333
YT Music,890334
YT Music,890335
YT Music,890338
YT Music,890342
YT Music,890353
YT Music,890362
Spotify,890371
YT Music,890378
YT Music,890389
YT Music,890393
YT Music,890398
Spotify,890406
YT Music,890416
YT Music,890420
YT Music,890428
YT Music,890440
Spotify,890443
YT Music,890445
YT Music,890455
Spotify,890459
YT Music,890461
YT Music,890470
YT Music,890475
Spotify,890477
Spotify,890478
Spotify,890482
YT Music,890490
YT Music,890494
YT Music,890497
YT Music,890514
YT Music,890516
YT Music,890520
YT Music,890529
YT Music,890533
YT Music,890541
YT Music,890551
YT Music,890565
YT Music,890570
Spotify,890571
YT Music,890594
YT Music,890597
YT Music,890603
YT Music,890606
YT Music,890621
Spotify,890657
YT Music,890663
YT Music,890671
YT Music,890684
YT Music,890687
YT Music,890698
YT Music,890706
YT Music,890707
YT Music,890708
YT Music,890717
YT Music,890719
Spotify,890727
YT Music,890736
YT Music,890737
YT Music,890741
YT Music,890743
YT Music,890745
YT Music,890758
YT Music,890769
YT Music,890777
YT Music,890783
YT Music,890801
YT Music,890834
YT Music,890841
YT Music,890846
YT Music,890870
YT Music,890871
YT Music,890881
YT Music,890883
YT Music,890891
Spotify,890892
YT Music,890896
YT Music,890903
YT Music,890911
YT Music,890912
YT Music,890918
YT Music,890920
YT Music,890923
YT Music,890930
Spotify,890940
YT Music,890942
Spotify,890951
YT Music,890975
YT Music,890984
Spotify,890989
YT Music,890999
YT Music,891017
YT Music,891018
YT Music,891022
Spotify,891024
YT Music,891032
YT Music,891040
YT Music,891055
YT Music,891058
YT Music,891063
YT Music,891074
YT Music,891088
YT Music,891103
YT Music,891117
YT Music,891126
YT Music,891134
YT Music,891138
YT Music,891175
YT Music,891185
YT Music,891225
YT Music,891235
YT Music,891237
YT Music,891256
YT Music,891260
YT Music,891279
Spotify,891283
YT Music,891294
YT Music,891296
YT Music,891304
YT Music,891314
YT Music,891321
Spotify,891326
YT Music,891333
Spotify,891335
YT Music,891358
YT Music,891361
YT Music,891369
YT Music,891372
YT Music,891374
YT Music,891376
YT Music,891378
YT Music,891384
Spotify,891385
Spotify,891394
YT Music,891396
YT Music,891397
YT Music,891402
YT Music,891409
YT Music,891410
YT Music,891411
YT Music,891422
YT Music,891425
YT Music,891426
YT Music,891430
YT Music,891431
Spotify,891433
Spotify,891434
YT Music,891435
YT Music,891441
YT Music,891450
YT Music,891451
YT Music,891454
YT Music,891456
YT Music,891457
YT Music,891467
YT Music,891469
YT Music,891471
YT Music,891475
YT Music,891480
YT Music,891481
YT Music,891483
YT Music,891484
YT Music,891487
YT Music,891492
YT Music,891496
YT Music,891500
Other,891501
YT Music,891511
YT Music,891512
YT Music,891513
YT Music,891514
YT Music,891520
YT Music,891522
YT Music,891523
YT Music,891524
YT Music,891526
YT Music,891532
YT Music,891537
Other,891539
YT Music,891540
YT Music,891545
Spotify,891549
YT Music,891550
YT Music,891551
YT Music,891553
YT Music,891559
YT Music,891564
YT Music,891565
YT Music,891573
YT Music,891576
YT Music,891580
YT Music,891586
YT Music,891588
YT Music,891589
Spotify,891594
YT Music,891599
YT Music,891600
YT Music,891604
YT Music,891611
Spotify,891612
YT Music,891615
YT Music,891616
YT Music,891619
YT Music,891620
Spotify,891633
Spotify,891634
YT Music,891637
Spotify,891640
YT Music,891644
YT Music,891645
YT Music,891652
YT Music,891654
Spotify,891655
YT Music,891660
YT Music,891661
YT Music,891665
YT Music,891669
YT Music,891670
Spotify,891671
YT Music,891673
YT Music,891675
YT Music,891679
YT Music,891684
YT Music,891685
YT Music,891693
YT Music,891696
Spotify,891697
YT Music,891703
YT Music,891709
YT Music,891710
YT Music,891713
YT Music,891714
YT Music,891718
YT Music,891719
YT Music,891721
YT Music,891724
YT Music,891731
YT Music,891733
YT Music,891734
Spotify,891735
YT Music,891737
YT Music,891742
YT Music,891745
Spotify,891751
YT Music,891754
YT Music,891756
YT Music,891759
YT Music,891762
YT Music,891767
YT Music,891769
YT Music,891773
YT Music,891774
YT Music,891780
YT Music,891784
Spotify,891788
YT Music,891792
YT Music,891793
YT Music,891796
YT Music,891800
YT Music,891803
YT Music,891806
YT Music,891809
YT Music,891812
YT Music,891814
YT Music,891815
YT Music,891817
YT Music,891818
YT Music,891821
YT Music,891824
Spotify,891825
YT Music,891828
YT Music,891829
YT Music,891836
YT Music,891841
YT Music,891848
Spotify,891854
YT Music,891855
YT Music,891857
YT Music,891861
Spotify,891866
YT Music,891871
YT Music,891873
YT Music,891877
YT Music,891878
YT Music,891883
YT Music,891886
YT Music,891887
YT Music,891890
YT Music,891891
YT Music,891893
Other,891902
Spotify,891903
Spotify,891907
YT Music,891909
Spotify,891910
YT Music,891917
YT Music,891919
YT Music,891920
YT Music,891923
Spotify,891924
YT Music,891925
YT Music,891927
Spotify,891929
YT Music,891931
YT Music,891933
YT Music,891935
YT Music,891937
Spotify,891939
YT Music,891946
YT Music,891950
YT Music,891957
YT Music,891961
YT Music,891962
Spotify,891963
YT Music,891966
Other,891969
YT Music,891971
YT Music,891973
YT Music,891974
Spotify,891978
YT Music,891979
YT Music,891983
YT Music,891984
YT Music,891985
YT Music,891991
YT Music,891992
YT Music,892002
YT Music,892005
YT Music,892007
YT Music,892008
YT Music,892010
YT Music,892013
YT Music,892016
YT Music,892021
YT Music,892028
YT Music,892041
YT Music,892045
YT Music,892052
YT Music,892054
YT Music,892060
Spotify,892061
YT Music,892062
YT Music,892067
Spotify,892070
Spotify,892073
YT Music,892075
YT Music,892078
YT Music,892079
YT Music,892081
YT Music,892084
YT Music,892086
Spotify,892088
YT Music,892089
YT Music,892092
YT Music,892097
YT Music,892100
YT Music,892109
YT Music,892110
Spotify,892123
YT Music,892126
YT Music,892129
YT Music,892134
YT Music,892137
YT Music,892138
YT Music,892150
YT Music,892153
YT Music,892155
YT Music,892158
YT Music,892159
YT Music,892161
YT Music,892166
YT Music,892169
YT Music,892182
YT Music,892198
Spotify,892203
YT Music,892204
Spotify,892209
YT Music,892218
YT Music,892221
YT Music,892222
YT Music,892224
Spotify,892227
YT Music,892249
Spotify,892251
YT Music,892254
YT Music,892256
YT Music,892257
YT Music,892270
YT Music,892274
Spotify,892276
YT Music,892280
YT Music,892281
YT Music,892284
YT Music,892294
YT Music,892298
YT Music,892303
YT Music,892306
YT Music,892311
YT Music,892312
YT Music,892314
YT Music,892316
YT Music,892318
YT Music,892321
YT Music,892325
YT Music,892328
YT Music,892330
YT Music,892342
YT Music,892349
YT Music,892352
YT Music,892367
YT Music,892369
YT Music,892374
YT Music,892380
YT Music,892381
YT Music,892383
YT Music,892386
YT Music,892389
YT Music,892392
YT Music,892401
YT Music,892402
YT Music,892405
Spotify,892421
YT Music,892445
YT Music,892448
YT Music,892450
Spotify,892452
YT Music,892453
YT Music,892461
YT Music,892465
YT Music,892466
YT Music,892473
YT Music,892475
YT Music,892477
YT Music,892480
YT Music,892483
YT Music,892486
YT Music,892491
YT Music,892497
Spotify,892501
YT Music,892505
YT Music,892507
YT Music,892510
YT Music,892514
YT Music,892530
Spotify,892531
YT Music,892532
YT Music,892536
YT Music,892538
YT Music,892542
YT Music,892543
Other,892545
YT Music,892559
YT Music,892562
YT Music,892565
YT Music,892576
YT Music,892581
YT Music,892587
YT Music,892592
YT Music,892593
YT Music,892617
Spotify,892628
Spotify,892634
YT Music,892636
YT Music,892639
YT Music,892643
YT Music,892646
YT Music,892649
YT Music,892657
YT Music,892666
YT Music,892669
YT Music,892671
YT Music,892682
YT Music,892702
YT Music,892721
YT Music,892734
Spotify,892737
YT Music,892741
YT Music,892784
YT Music,892805
YT Music,892807
YT Music,892824
YT Music,892840
Spotify,892863
YT Music,892870
Spotify,892890
YT Music,892909
Spotify,892912
YT Music,892915
YT Music,892921
YT Music,892922
YT Music,892927
YT Music,892978
YT Music,892979
Spotify,892993
YT Music,893010
YT Music,893014
YT Music,893016
YT Music,893031
YT Music,893034
Spotify,893037
YT Music,893050
YT Music,893071
YT Music,893097
YT Music,893104
YT Music,893128
Spotify,893132
YT Music,893140
YT Music,893187
YT Music,893199
YT Music,893221
YT Music,893439
Spotify,893521
YT Music,893524
YT Music,893547
YT Music,893569
YT Music,893591
YT Music,893594
Spotify,893697
YT Music,893702
YT Music,893709
YT Music,893745
YT Music,893794
YT Music,893812
YT Music,893827
YT Music,893831
YT Music,893935
YT Music,894048
YT Music,894203
YT Music,894215
YT Music,894247
Spotify,894603
YT Music,895043
YT Music,895103
YT Music,895188
YT Music,895240
YT Music,895646
YT Music,895788
YT Music,895949
YT Music,895970
YT Music,896261
YT Music,896430
Spotify,896473
YT Music,896573
YT Music,896948
YT Music,897420
Spotify,897636
YT Music,897923
YT Music,898014
YT Music,898021
YT Music,898682
YT Music,899007
YT Music,899035
YT Music,899257
Spotify,899304
YT Music,899392
YT Music,899418
YT Music,899513
YT Music,899575
YT Music,899598
YT Music,899625
YT Music,899688
YT Music,899690
YT Music,899809
YT Music,899810
Spotify,899833
YT Music,899860
YT Music,899873
YT Music,899883
YT Music,899904
YT Music,899932
YT Music,899955
YT Music,900024
YT Music,900062
YT Music,900065
Spotify,900094
YT Music,900137
YT Music,900145
YT Music,900148
YT Music,900157
YT Music,900163
YT Music,900164
YT Music,900204
Spotify,900214
YT Music,900231
YT Music,900277
YT Music,900297
YT Music,900306
Spotify,900309
Spotify,900339
YT Music,900371
YT Music,900389
YT Music,900513
Spotify,900541
YT Music,900558
YT Music,900576
YT Music,900641
YT Music,900685
Spotify,900731
YT Music,901032
YT Music,901197
YT Music,901572
YT Music,901678
YT Music,901836
YT Music,901904
YT Music,901961
YT Music,902036
YT Music,902050
YT Music,902212
Spotify,902223
Spotify,902290
YT Music,902823
YT Music,902997
YT Music,903084
YT Music,903092
YT Music,903166
YT Music,903175
YT Music,903193
YT Music,903197
YT Music,903201
YT Music,903330
YT Music,903408
YT Music,903500
YT Music,903583
Spotify,903584
YT Music,903585
YT Music,903588
YT Music,903597
YT Music,903600
Spotify,903604
YT Music,903606
YT Music,903607
YT Music,903609
Spotify,903613
YT Music,903614
YT Music,903616
YT Music,903618
Spotify,903622
YT Music,903626
YT Music,903629
YT Music,903634
YT Music,903636
YT Music,903642
YT Music,903646
YT Music,903652
YT Music,903778
Spotify,903826
YT Music,903828
YT Music,903839
YT Music,903851
YT Music,903863
Spotify,903873
YT Music,903909
YT Music,903911
YT Music,903919
Spotify,903927
YT Music,903930
YT Music,903931
YT Music,903932
YT Music,903936
YT Music,903941
YT Music,903943
YT Music,903948
YT Music,903949
Spotify,903950
YT Music,903951
YT Music,903955
YT Music,903997
YT Music,904002
YT Music,904008
Spotify,904012
YT Music,904015
YT Music,904027
YT Music,904043
Spotify,904045
YT Music,904046
YT Music,904052
YT Music,904073
YT Music,904074
Spotify,904076
YT Music,904083
YT Music,904094
YT Music,904096
YT Music,904099
YT Music,904103
YT Music,904104
YT Music,904112
YT Music,904114
YT Music,904121
YT Music,904123
Spotify,904126
YT Music,904128
YT Music,904139
YT Music,904143
YT Music,904153
YT Music,904157
YT Music,904161
YT Music,904167
YT Music,904202
YT Music,904210
YT Music,904215
YT Music,904225
YT Music,904234
YT Music,904241
YT Music,904251
YT Music,904263
Spotify,904271
YT Music,904275
Spotify,904283
YT Music,904294
Spotify,904300
YT Music,904303
YT Music,904309
YT Music,904318
Spotify,904319
YT Music,904321
YT Music,904323
YT Music,904328
YT Music,904339
YT Music,904346
YT Music,904348
YT Music,904368
Spotify,904374
YT Music,904375
YT Music,904377
YT Music,904392
YT Music,904394
YT Music,904399
YT Music,904406
Spotify,904409
YT Music,904462
YT Music,904463
YT Music,904469
YT Music,904483
YT Music,904484
YT Music,904502
YT Music,904517
YT Music,904521
YT Music,904527
Spotify,904531
YT Music,904533
YT Music,904543
YT Music,904730
YT Music,904817
YT Music,904823
YT Music,904908
YT Music,904910
YT Music,904984
YT Music,905047
Spotify,905118
YT Music,905160
YT Music,905165
YT Music,905166
YT Music,905206
YT Music,905210
YT Music,905215
YT Music,905257
Spotify,905267
YT Music,905291
YT Music,905345
YT Music,905366
Spotify,905457
YT Music,905587
YT Music,905634
YT Music,905681
YT Music,905802
Spotify,905837
YT Music,905871
YT Music,905935
YT Music,905969
Spotify,906010
YT Music,906016
YT Music,906032
YT Music,906036
YT Music,906038
Spotify,906040
YT Music,906061
YT Music,906071
YT Music,906073
Spotify,906075
YT Music,906077
YT Music,906079
YT Music,906083
YT Music,906086
YT Music,906087
YT Music,906090
Spotify,906100
YT Music,906101
YT Music,906104
YT Music,906105
YT Music,906107
Spotify,906109
YT Music,906110
YT Music,906111
YT Music,906118
YT Music,906121
Spotify,906124
Spotify,906129
Spotify,906132
YT Music,906136
YT Music,906137
YT Music,906141
YT Music,906142
YT Music,906147
YT Music,906148
Spotify,906149
YT Music,906151
YT Music,906159
YT Music,906162
YT Music,906165
YT Music,906166
YT Music,906174
YT Music,906175
YT Music,906176
YT Music,906178
Spotify,906179
YT Music,906181
YT Music,906182
YT Music,906185
YT Music,906189
YT Music,906197
YT Music,906201
YT Music,906208
YT Music,906213
YT Music,906220
YT Music,906221
YT Music,906228
YT Music,906231
Spotify,906232
YT Music,906251
Spotify,906253
YT Music,906271
YT Music,906275
YT Music,906279
YT Music,906280
YT Music,906287
YT Music,906290
YT Music,906300
YT Music,906328
YT Music,906332
YT Music,906335
YT Music,906343
YT Music,906355
YT Music,906361
YT Music,906374
YT Music,906375
YT Music,906388
YT Music,906398
YT Music,906403
YT Music,906406
YT Music,906420
Spotify,906430
YT Music,906432
YT Music,906490
YT Music,906493
YT Music,906494
YT Music,906499
Spotify,906512
YT Music,906535
Spotify,906563
YT Music,906573
YT Music,906616
YT Music,906712
YT Music,906758
YT Music,906768
YT Music,906783
YT Music,906796
YT Music,906908
YT Music,906941
YT Music,906948
YT Music,906977
YT Music,907032
Spotify,907091
YT Music,907403
Spotify,907445
YT Music,907552
YT Music,907560
YT Music,907568
YT Music,907683
YT Music,907747
YT Music,907815
YT Music,907893
YT Music,907904
YT Music,908084
Spotify,908194
YT Music,908351
YT Music,908397
Spotify,908848
YT Music,908968
YT Music,908989
YT Music,909068
Spotify,909102
YT Music,909302
YT Music,909559
YT Music,909729
YT Music,909885
YT Music,909950
YT Music,910284
YT Music,910325
YT Music,910376
YT Music,910591
YT Music,910777
Spotify,910914
Spotify,910983
YT Music,911158
YT Music,911366
YT Music,911657
YT Music,911749
Spotify,911756
Spotify,911819
YT Music,911950
YT Music,912013
Spotify,912250
YT Music,912259
YT Music,912262
YT Music,912266
YT Music,912269
YT Music,912271
YT Music,912276
YT Music,912278
YT Music,912280
YT Music,912281
YT Music,912287
YT Music,912289
Spotify,912292
YT Music,912293
YT Music,912296
YT Music,912303
YT Music,912305
YT Music,912306
YT Music,912310
YT Music,912312
YT Music,912314
YT Music,912316
YT Music,912317
YT Music,912322
YT Music,912324
YT Music,912329
Spotify,912331
Spotify,912332
YT Music,912334
YT Music,912337
YT Music,912341
Spotify,912343
YT Music,912345
YT Music,912346
YT Music,912348
YT Music,912351
YT Music,912353
YT Music,912354
YT Music,912357
Spotify,912361
YT Music,912370
YT Music,912374
YT Music,912375
Spotify,912378
YT Music,912382
YT Music,912383
YT Music,912384
YT Music,912385
YT Music,912388
YT Music,912390
YT Music,912393
YT Music,912394
YT Music,912396
Spotify,912398
YT Music,912399
YT Music,912400
Spotify,912402
YT Music,912405
YT Music,912406
YT Music,912408
YT Music,912409
YT Music,912411
Spotify,912412
YT Music,912413
Spotify,912415
YT Music,912418
YT Music,912426
YT Music,912432
YT Music,912437
YT Music,912438
YT Music,912440
YT Music,912441
YT Music,912442
Spotify,912445
YT Music,912447
YT Music,912448
YT Music,912449
YT Music,912451
Spotify,912455
YT Music,912459
YT Music,912468
YT Music,912469
YT Music,912472
YT Music,912473
YT Music,912478
YT Music,912479
YT Music,912480
YT Music,912486
YT Music,912492
YT Music,912495
YT Music,912499
YT Music,912502
YT Music,912505
Spotify,912508
YT Music,912512
YT Music,912514
YT Music,912515
YT Music,912517
YT Music,912518
YT Music,912519
YT Music,912527
Spotify,912529
Spotify,912530
YT Music,912535
Spotify,912539
YT Music,912548
YT Music,912551
YT Music,912552
YT Music,912554
YT Music,912556
YT Music,912558
YT Music,912560
YT Music,912562
YT Music,912568
YT Music,912570
YT Music,912571
YT Music,912575
YT Music,912576
YT Music,912580
YT Music,912584
YT Music,912593
YT Music,912594
YT Music,912596
YT Music,912599
YT Music,912602
YT Music,912603
YT Music,912608
YT Music,912614
YT Music,912618
YT Music,912622
YT Music,912624
YT Music,912625
YT Music,912627
YT Music,912630
YT Music,912632
YT Music,912634
Spotify,912640
Spotify,912641
YT Music,912644
YT Music,912649
YT Music,912650
YT Music,912651
YT Music,912653
YT Music,912654
YT Music,912656
Spotify,912658
YT Music,912659
YT Music,912664
YT Music,912671
YT Music,912677
YT Music,912680
YT Music,912681
YT Music,912688
YT Music,912694
YT Music,912695
YT Music,912698
YT Music,912701
YT Music,912702
YT Music,912704
YT Music,912707
YT Music,912708
YT Music,912709
Spotify,912710
YT Music,912713
YT Music,912714
YT Music,912717
YT Music,912719
YT Music,912727
YT Music,912730
YT Music,912732
YT Music,912734
YT Music,912738
YT Music,912741
YT Music,912743
YT Music,912744
YT Music,912752
Spotify,912754
YT Music,912761
YT Music,912762
YT Music,912763
Spotify,912766
YT Music,912767
Spotify,912771
YT Music,912773
YT Music,912779
YT Music,912781
YT Music,912791
YT Music,912812
YT Music,912819
YT Music,912836
YT Music,912855
YT Music,912856
Spotify,912888
YT Music,912895
YT Music,912908
YT Music,912911
YT Music,912914
Spotify,912921
YT Music,912934
Spotify,912938
YT Music,912944
YT Music,912953
YT Music,912964
Spotify,912966
YT Music,912969
Spotify,912970
YT Music,912978
YT Music,912983
YT Music,912984
Spotify,912985
YT Music,912990
Spotify,912998
YT Music,912999
YT Music,913008
YT Music,913012
YT Music,913014
YT Music,913020
YT Music,913021
YT Music,913028
YT Music,913030
YT Music,913031
Spotify,913034
YT Music,913036
YT Music,913037
YT Music,913040
YT Music,913043
YT Music,913047
YT Music,913053
YT Music,913058
YT Music,913060
YT Music,913068
YT Music,913069
YT Music,913078
YT Music,913079
YT Music,913081
YT Music,913082
YT Music,913087
YT Music,913095
YT Music,913097
YT Music,913101
YT Music,913108
YT Music,913110
YT Music,913118
Spotify,913119
YT Music,913122
YT Music,913126
YT Music,913128
YT Music,913133
YT Music,913134
YT Music,913137
YT Music,913139
YT Music,913147
YT Music,913149
YT Music,913156
Spotify,913158
YT Music,913159
YT Music,913161
YT Music,913164
YT Music,913166
YT Music,913169
YT Music,913173
YT Music,913179
Spotify,913183
YT Music,913191
YT Music,913198
YT Music,913201
YT Music,913205
YT Music,913209
YT Music,913211
YT Music,913212
YT Music,913216
YT Music,913243
Spotify,913251
Spotify,913265
YT Music,913278
YT Music,913286
YT Music,913287
Spotify,913310
YT Music,913314
YT Music,913317
Spotify,913319
YT Music,913321
YT Music,913338
YT Music,913342
YT Music,913393
YT Music,913426
YT Music,913427
YT Music,913435
YT Music,913449
YT Music,913450
YT Music,913453
Spotify,913460
YT Music,913467
Spotify,913475
Spotify,913477
Spotify,913480
YT Music,913483
YT Music,913486
YT Music,913491
YT Music,913493
YT Music,913505
YT Music,913515
YT Music,913516
YT Music,913525
YT Music,913534
YT Music,913535
YT Music,913537
YT Music,913539
YT Music,913547
YT Music,913555
YT Music,913566
YT Music,913580
YT Music,913588
YT Music,913590
Other,913595
Spotify,913596
YT Music,913600
YT Music,913602
YT Music,913609
YT Music,913624
YT Music,913633
YT Music,913751
YT Music,913829
YT Music,913830
YT Music,913885
YT Music,913908
YT Music,913979
Spotify,914013
YT Music,914020
Spotify,914049
YT Music,914090
YT Music,914162
YT Music,914250
YT Music,914256
YT Music,914260
YT Music,914278
YT Music,914283
YT Music,914315
YT Music,914342
YT Music,914352
YT Music,914386
YT Music,914417
YT Music,914420
Spotify,914422
YT Music,914425
YT Music,914429
YT Music,914440
YT Music,914447
YT Music,914476
YT Music,914522
YT Music,914532
Spotify,914554
YT Music,914560
Spotify,914586
YT Music,914620
YT Music,914636
YT Music,914652
YT Music,914678
YT Music,914687
YT Music,914706
YT Music,914709
YT Music,914743
Spotify,914753
YT Music,914765
YT Music,914770
YT Music,914816
YT Music,914835
YT Music,914839
Spotify,914864
YT Music,914895
YT Music,914913
YT Music,914924
YT Music,914948
YT Music,915013
YT Music,915017
YT Music,915023
YT Music,915049
Other,915087
YT Music,915107
YT Music,915122
YT Music,915129
YT Music,915141
YT Music,915150
Spotify,915170
YT Music,915175
YT Music,915192
YT Music,915206
YT Music,915222
YT Music,915240
YT Music,915270
YT Music,915291
YT Music,915338
YT Music,915362
YT Music,915414
YT Music,915418
YT Music,915437
YT Music,915454
YT Music,915472
Spotify,915490
YT Music,915507
YT Music,915521
Spotify,915522
YT Music,915539
YT Music,915545
YT Music,915564
YT Music,915566
YT Music,915586
Spotify,915607
YT Music,915610
YT Music,915614
YT Music,915616
YT Music,915625
YT Music,915660
YT Music,915668
YT Music,915685
YT Music,915704
YT Music,915723
YT Music,915747
YT Music,915750
YT Music,915755
YT Music,915758
YT Music,915778
YT Music,915810
YT Music,915811
YT Music,915812
Spotify,915832
YT Music,915834
YT Music,915841
YT Music,915847
YT Music,915851
YT Music,915861
YT Music,915869
YT Music,915887
YT Music,915894
Spotify,915897
YT Music,915909
Spotify,915919
YT Music,915938
YT Music,915958
YT Music,915983
YT Music,915994
YT Music,916025
Spotify,916026
YT Music,916035
YT Music,916043
YT Music,916065
YT Music,916066
Spotify,916069
YT Music,916072
YT Music,916076
YT Music,916080
YT Music,916091
Spotify,916098
YT Music,916118
YT Music,916133
YT Music,916139
Spotify,916140
YT Music,916159
YT Music,916166
YT Music,916167
YT Music,916176
YT Music,916189
YT Music,916196
YT Music,916197
YT Music,916198
YT Music,916208
YT Music,916215
YT Music,916225
YT Music,916237
YT Music,916265
YT Music,916267
YT Music,916281
YT Music,916306
YT Music,916309
YT Music,916313
YT Music,916321
YT Music,916326
Spotify,916335
YT Music,916340
YT Music,916355
YT Music,916359
YT Music,916374
YT Music,916378
YT Music,916385
YT Music,916389
Spotify,916399
YT Music,916406
YT Music,916439
YT Music,916469
YT Music,916483
Spotify,916500
YT Music,916506
YT Music,916514
YT Music,916519
YT Music,916534
YT Music,916547
YT Music,916560
YT Music,916567
YT Music,916583
YT Music,916584
YT Music,916603
YT Music,916624
Spotify,916632
Spotify,916646
YT Music,916654
YT Music,916658
YT Music,916666
YT Music,916676
YT Music,916681
YT Music,916683
YT Music,916705
YT Music,916721
Spotify,916723
YT Music,916728
YT Music,916730
YT Music,916735
YT Music,916747
YT Music,916757
YT Music,916787
YT Music,916793
YT Music,916794
YT Music,916797
YT Music,916799
YT Music,916811
YT Music,916813
YT Music,916815
YT Music,916819
YT Music,916822
YT Music,916823
YT Music,916828
YT Music,916831
YT Music,916835
YT Music,916838
YT Music,916843
YT Music,916847
Spotify,916861
YT Music,916864
YT Music,916866
YT Music,916867
YT Music,916875
YT Music,916877
YT Music,916885
YT Music,916887
YT Music,916889
YT Music,916894
YT Music,916909
YT Music,916911
YT Music,916926
YT Music,916933
YT Music,916939
YT Music,916941
YT Music,916943
Spotify,916950
YT Music,916975
YT Music,916980
YT Music,916984
YT Music,916992
YT Music,916995
YT Music,916996
Spotify,916997
YT Music,917005
YT Music,917006
YT Music,917007
YT Music,917012
YT Music,917025
YT Music,917035
YT Music,917037
YT Music,917038
Spotify,917043
YT Music,917052
YT Music,917058
YT Music,917060
YT Music,917063
YT Music,917066
YT Music,917072
YT Music,917073
YT Music,917076
YT Music,917079
Spotify,917083
YT Music,917085
YT Music,917090
YT Music,917098
YT Music,917100
Spotify,917107
YT Music,917108
YT Music,917109
Spotify,917115
YT Music,917140
YT Music,917142
YT Music,917146
YT Music,917153
YT Music,917155
YT Music,917167
YT Music,917169
YT Music,917173
YT Music,917175
Spotify,917178
Spotify,917188
YT Music,917207
YT Music,917211
YT Music,917228
YT Music,917231
YT Music,917246
YT Music,917247
Other,917248
YT Music,917251
Spotify,917255
YT Music,917257
YT Music,917260
YT Music,917264
YT Music,917273
YT Music,917283
YT Music,917286
YT Music,917290
YT Music,917296
YT Music,917297
YT Music,917299
Spotify,917300
YT Music,917301
YT Music,917311
YT Music,917318
YT Music,917319
YT Music,917321
YT Music,917325
YT Music,917327
YT Music,917329
YT Music,917343
YT Music,917344
YT Music,917346
YT Music,917351
YT Music,917353
YT Music,917354
YT Music,917356
YT Music,917357
YT Music,917361
YT Music,917363
YT Music,917365
YT Music,917370
YT Music,917372
YT Music,917373
YT Music,917385
Spotify,917392
YT Music,917403
YT Music,917406
Spotify,917407
YT Music,917411
YT Music,917412
YT Music,917413
YT Music,917421
YT Music,917427
Spotify,917432
YT Music,917435
YT Music,917436
YT Music,917441
YT Music,917448
YT Music,917454
YT Music,917465
YT Music,917480
YT Music,917490
YT Music,917497
YT Music,917506
YT Music,917521
YT Music,917528
YT Music,917533
YT Music,917542
YT Music,917544
YT Music,917556
YT Music,917560
YT Music,917564
YT Music,917566
YT Music,917573
YT Music,917574
Spotify,917586
YT Music,917594
YT Music,917603
YT Music,917608
YT Music,917609
Spotify,917610
YT Music,917613
YT Music,917617
YT Music,917623
YT Music,917626
YT Music,917627
YT Music,917628
YT Music,917632
YT Music,917635
YT Music,917649
YT Music,917650
YT Music,917653
YT Music,917654
Other,917661
YT Music,917663
YT Music,917667
YT Music,917671
YT Music,917674
YT Music,917677
Spotify,917684
YT Music,917693
YT Music,917698
YT Music,917699
YT Music,917711
YT Music,917713
YT Music,917714
YT Music,917722
YT Music,917731
YT Music,917738
YT Music,917759
Spotify,917767
YT Music,917772
Spotify,917773
YT Music,917798
Spotify,917803
YT Music,917812
YT Music,917821
YT Music,917838
YT Music,917843
YT Music,917846
YT Music,917849
YT Music,917851
YT Music,917861
YT Music,917862
YT Music,917875
YT Music,917877
YT Music,917883
YT Music,917886
YT Music,917890
YT Music,917891
YT Music,917898
YT Music,917904
YT Music,917915
YT Music,917920
YT Music,917922
YT Music,917925
YT Music,917928
YT Music,917933
YT Music,917948
YT Music,917949
YT Music,917950
YT Music,917954
YT Music,917958
YT Music,917962
YT Music,917974
YT Music,917984
YT Music,917996
YT Music,917997
Spotify,918004
YT Music,918011
YT Music,918025
YT Music,918026
YT Music,918032
YT Music,918034
Other,918039
YT Music,918052
YT Music,918054
YT Music,918055
YT Music,918060
YT Music,918077
YT Music,918080
YT Music,918083
YT Music,918090
YT Music,918098
Spotify,918103
YT Music,918109
YT Music,918119
YT Music,918120
YT Music,918152
YT Music,918155
YT Music,918157
YT Music,918161
YT Music,918169
YT Music,918170
YT Music,918172
YT Music,918173
YT Music,918181
YT Music,918186
YT Music,918192
YT Music,918196
YT Music,918201
YT Music,918205
Spotify,918207
Spotify,918208
Spotify,918217
YT Music,918224
YT Music,918225
YT Music,918235
YT Music,918237
YT Music,918260
YT Music,918272
Spotify,918278
YT Music,918280
YT Music,918282
YT Music,918283
YT Music,918286
YT Music,918298
YT Music,918299
YT Music,918314
YT Music,918318
Spotify,918322
YT Music,918323
Spotify,918328
YT Music,918329
YT Music,918338
YT Music,918347
YT Music,918350
YT Music,918358
YT Music,918367
YT Music,918368
YT Music,918396
YT Music,918398
Spotify,918407
YT Music,918418
YT Music,918419
YT Music,918429
YT Music,918431
YT Music,918441
YT Music,918445
Spotify,918451
YT Music,918456
YT Music,918475
YT Music,918476
YT Music,918515
YT Music,918529
YT Music,918536
Spotify,918548
YT Music,918556
YT Music,918597
YT Music,918614
YT Music,918624
YT Music,918626
YT Music,918639
Spotify,918657
YT Music,918690
YT Music,918694
YT Music,918703
YT Music,918705
YT Music,918710
YT Music,918730
Spotify,918742
YT Music,918765
YT Music,918769
YT Music,918773
YT Music,918775
YT Music,918796
YT Music,918801
YT Music,918810
YT Music,918818
YT Music,918823
YT Music,918856
YT Music,918873
Spotify,918906
YT Music,918919
YT Music,918943
YT Music,918999
YT Music,919062
YT Music,919073
YT Music,919076
YT Music,919210
YT Music,919262
YT Music,919349
YT Music,919350
YT Music,919369
YT Music,919704
YT Music,919792
YT Music,920108
YT Music,920182
YT Music,920740
YT Music,920779
YT Music,921894
YT Music,922482
YT Music,922584
YT Music,923756
YT Music,923761
YT Music,923843
YT Music,924237
YT Music,924315
YT Music,924521
YT Music,924570
YT Music,924737
YT Music,924749
YT Music,924965
YT Music,925177
YT Music,925654
YT Music,925728
YT Music,925738
YT Music,925876
YT Music,926086
YT Music,926360
YT Music,927058
YT Music,927084
YT Music,927147
YT Music,927197
YT Music,927390
YT Music,927818
